,A,B,gates,depth,2-gates,RZ,SX,CZ
0,23,32,379,285,68,138,162,68
1,23,35,381,292,72,133,165,72
2,23,36,380,291,72,132,165,72
3,23,37,383,291,70,136,165,70
4,23,50,378,283,68,138,162,68
5,23,53,381,286,68,141,162,68
6,23,55,385,296,72,136,165,72
7,23,57,385,295,72,138,165,72
8,23,59,381,289,70,136,163,70
9,23,63,379,284,68,138,162,68
10,23,67,381,289,70,137,163,70
11,23,69,378,283,68,138,162,68
12,23,74,378,282,68,138,162,68
13,23,77,381,284,68,140,162,68
14,23,81,378,282,68,137,162,68
15,23,82,381,286,68,140,162,68
16,23,83,381,289,68,140,162,68
17,23,84,377,287,70,133,163,70
18,23,85,379,284,68,139,162,68
19,23,93,378,285,68,138,162,68
20,23,98,382,286,68,141,162,68
21,23,99,381,289,70,137,163,70
22,23,104,372,281,70,129,163,70
23,23,106,380,284,68,140,162,68
24,23,107,380,286,68,139,162,68
25,23,109,384,294,72,137,165,72
26,23,113,386,294,70,139,165,70
27,23,114,382,286,68,141,162,68
28,23,115,382,290,70,137,163,70
29,23,117,376,284,70,133,163,70
30,23,165,386,290,70,139,165,70
31,23,166,381,290,70,136,163,70
32,23,198,379,284,68,139,162,68
33,23,199,383,291,69,138,167,69
34,23,233,387,299,72,139,165,72
35,23,234,382,288,68,141,162,68
36,23,240,386,295,72,139,165,72
37,23,241,380,288,68,139,162,68
38,23,249,388,297,72,140,165,72
39,23,251,384,292,70,139,163,70
40,23,252,374,284,70,131,163,70
41,23,254,382,294,72,134,165,72
42,23,256,380,288,70,136,163,70
43,23,261,382,289,70,138,163,70
44,23,262,388,291,70,141,165,70
45,23,263,380,288,70,136,163,70
46,23,302,381,291,72,133,165,72
47,23,306,381,290,70,137,163,70
48,23,317,382,286,68,141,162,68
49,23,325,382,284,68,138,166,68
50,23,334,385,296,72,137,165,72
51,23,335,377,284,68,136,162,68
52,23,336,389,301,72,141,165,72
53,23,337,386,294,72,138,165,72
54,23,342,379,285,68,139,162,68
55,23,345,378,283,68,138,162,68
56,23,346,384,290,70,139,163,70
57,23,351,387,297,72,139,165,72
58,23,353,380,287,68,139,162,68
59,23,354,382,286,68,141,162,68
60,23,365,386,297,72,138,165,72
61,23,380,382,286,70,136,165,70
62,23,383,385,289,70,138,165,70
63,23,404,381,284,68,140,162,68
64,23,406,381,287,70,135,165,70
65,23,411,373,280,68,133,162,68
66,23,416,379,288,70,136,163,70
67,23,419,377,287,70,134,163,70
68,23,420,383,289,68,142,162,68
69,23,421,384,297,72,136,165,72
70,23,424,378,287,70,134,163,70
71,23,425,378,285,68,137,162,68
72,23,426,378,286,70,134,163,70
73,23,428,375,281,68,135,162,68
74,23,435,385,290,70,139,165,70
75,32,35,375,281,70,132,163,70
76,32,36,369,279,70,127,161,70
77,32,37,372,281,70,130,161,70
78,32,50,374,286,72,129,165,72
79,32,53,375,280,68,137,160,68
80,32,55,372,281,70,130,161,70
81,32,57,369,275,68,131,160,68
82,32,59,369,276,68,130,160,68
83,32,63,371,276,68,132,160,68
84,32,67,373,281,70,131,161,70
85,32,69,372,277,68,134,160,68
86,32,74,372,276,68,134,160,68
87,32,77,375,278,68,136,160,68
88,32,81,370,278,70,128,161,70
89,32,82,373,278,68,134,160,68
90,32,83,379,291,72,133,165,72
91,32,84,370,276,68,132,160,68
92,32,85,370,278,70,129,161,70
93,32,93,378,289,72,133,165,72
94,32,98,379,283,70,135,163,70
95,32,99,372,279,68,133,160,68
96,32,104,372,278,70,129,163,70
97,32,106,371,279,70,130,161,70
98,32,107,372,278,68,133,160,68
99,32,109,373,278,68,134,160,68
100,32,113,372,280,68,133,160,68
101,32,114,374,278,68,135,160,68
102,32,115,371,278,68,132,160,68
103,32,117,378,288,72,131,166,72
104,32,165,372,276,68,133,160,68
105,32,166,373,282,70,130,161,70
106,32,198,373,278,68,135,160,68
107,32,199,372,280,70,129,163,70
108,32,233,374,282,68,135,160,68
109,32,234,376,282,68,137,160,68
110,32,240,378,287,72,133,165,72
111,32,241,380,291,72,134,165,72
112,32,249,382,291,72,136,165,72
113,32,251,374,279,68,135,160,68
114,32,252,374,285,72,128,165,72
115,32,254,368,279,70,127,161,70
116,32,256,378,282,70,134,163,70
117,32,261,372,277,68,134,160,68
118,32,262,378,284,70,135,161,70
119,32,263,372,280,70,130,161,70
120,32,302,370,275,68,131,160,68
121,32,306,373,282,70,131,161,70
122,32,317,379,283,70,135,163,70
123,32,325,365,271,68,127,160,68
124,32,334,370,280,70,128,161,70
125,32,335,374,282,70,131,161,70
126,32,336,375,285,70,133,161,70
127,32,337,372,281,70,130,161,70
128,32,342,371,277,68,133,160,68
129,32,345,377,282,70,134,163,70
130,32,346,375,278,68,136,160,68
131,32,351,374,282,70,132,161,70
132,32,353,380,290,72,134,165,72
133,32,354,376,284,70,134,161,70
134,32,365,373,283,70,131,161,70
135,32,380,370,278,70,129,161,70
136,32,383,369,277,70,127,161,70
137,32,404,373,276,68,134,160,68
138,32,406,369,275,68,131,160,68
139,32,411,374,277,68,133,163,68
140,32,416,372,278,68,134,160,68
141,32,419,369,279,70,128,161,70
142,32,420,377,286,70,134,161,70
143,32,421,372,277,68,134,160,68
144,32,424,371,276,68,133,160,68
145,32,425,370,277,68,131,160,68
146,32,426,369,273,68,131,160,68
147,32,428,367,273,68,129,160,68
148,32,435,373,278,68,135,160,68
149,35,36,369,276,68,128,162,68
150,35,37,379,288,72,130,165,72
151,35,50,371,276,68,131,162,68
152,35,53,387,294,72,136,165,72
153,35,55,384,292,72,133,165,72
154,35,57,370,276,68,130,162,68
155,35,59,380,291,72,130,165,72
156,35,63,371,280,70,126,163,70
157,35,67,380,288,72,130,165,72
158,35,69,374,282,70,131,163,70
159,35,74,375,282,70,131,163,70
160,35,77,374,277,68,133,162,68
161,35,81,371,275,68,130,162,68
162,35,82,374,283,70,130,163,70
163,35,83,386,295,72,136,165,72
164,35,84,371,277,68,131,162,68
165,35,85,371,279,70,128,163,70
166,35,93,371,278,68,131,162,68
167,35,98,375,279,68,134,162,68
168,35,99,373,280,68,132,162,68
169,35,104,367,276,70,124,163,70
170,35,106,378,282,70,132,165,70
171,35,107,378,284,70,131,165,70
172,35,109,383,290,72,134,165,72
173,35,113,375,283,68,134,162,68
174,35,114,375,279,68,134,162,68
175,35,115,372,279,68,131,162,68
176,35,117,371,276,68,131,162,68
177,35,165,386,290,72,135,165,72
178,35,166,374,283,70,129,163,70
179,35,198,503,316,104,160,231,104
180,35,199,378,288,72,128,165,72
181,35,233,375,283,68,134,162,68
182,35,234,388,292,72,138,165,72
183,35,240,376,279,68,135,162,68
184,35,241,383,291,72,133,165,72
185,35,249,377,284,70,132,163,70
186,35,251,377,285,70,132,163,70
187,35,252,379,287,72,129,165,72
188,35,254,370,277,68,130,162,68
189,35,256,376,280,68,135,162,68
190,35,261,373,278,68,133,162,68
191,35,262,377,280,68,136,162,68
192,35,263,382,289,72,133,165,72
193,35,302,376,281,70,129,165,70
194,35,306,371,277,68,131,162,68
195,35,317,380,284,70,133,165,70
196,35,325,366,272,68,126,162,68
197,35,334,384,292,72,134,165,72
198,35,335,377,284,70,130,165,70
199,35,336,375,282,68,135,162,68
200,35,337,372,277,68,131,162,68
201,35,342,375,284,70,131,163,70
202,35,345,375,283,70,131,163,70
203,35,346,379,285,70,134,163,70
204,35,351,375,283,70,131,163,70
205,35,353,385,292,72,135,165,72
206,35,354,377,281,68,136,162,68
207,35,365,385,293,72,135,165,72
208,35,380,371,275,68,131,162,68
209,35,383,372,280,70,128,163,70
210,35,404,373,280,70,129,163,70
211,35,406,373,279,70,127,165,70
212,35,411,371,278,70,125,165,70
213,35,416,386,290,72,136,165,72
214,35,419,376,283,70,130,165,70
215,35,420,376,282,68,135,162,68
216,35,421,373,278,68,133,162,68
217,35,424,375,280,70,129,165,70
218,35,425,372,280,70,128,163,70
219,35,426,377,281,70,131,165,70
220,35,428,376,285,72,126,165,72
221,35,435,374,279,68,134,162,68
222,36,37,374,277,68,132,162,68
223,36,50,379,287,72,130,165,72
224,36,53,385,291,72,134,165,72
225,36,55,382,289,72,131,165,72
226,36,57,374,275,68,133,162,68
227,36,59,374,276,68,132,162,68
228,36,63,375,279,70,129,163,70
229,36,67,377,279,68,135,162,68
230,36,69,378,281,70,134,163,70
231,36,74,383,289,72,132,165,72
232,36,77,381,280,70,133,165,70
233,36,81,379,283,72,129,165,72
234,36,82,377,286,72,127,165,72
235,36,83,382,290,72,132,165,72
236,36,84,375,276,68,134,162,68
237,36,85,376,276,68,135,162,68
238,36,93,374,279,70,130,163,70
239,36,98,379,278,68,137,162,68
240,36,99,382,287,72,132,165,72
241,36,104,371,275,70,127,163,70
242,36,106,382,288,72,133,165,72
243,36,107,377,285,72,127,165,72
244,36,109,378,278,68,136,162,68
245,36,113,380,284,70,135,163,70
246,36,114,379,278,68,137,162,68
247,36,115,379,282,70,131,165,70
248,36,117,375,275,68,134,162,68
249,36,165,377,280,70,131,163,70
250,36,166,376,277,68,134,162,68
251,36,198,376,276,68,135,162,68
252,36,199,372,278,70,127,163,70
253,36,233,384,292,72,134,165,72
254,36,234,380,282,70,135,163,70
255,36,240,378,276,68,136,162,68
256,36,241,381,288,72,131,165,72
257,36,249,377,279,68,135,162,68
258,36,251,381,284,70,135,163,70
259,36,252,370,273,68,129,162,68
260,36,254,377,285,72,127,165,72
261,36,256,504,316,104,159,231,104
262,36,261,379,281,70,134,163,70
263,36,262,383,284,70,137,163,70
264,36,263,380,279,68,138,162,68
265,36,302,375,275,68,133,162,68
266,36,306,385,288,72,134,165,72
267,36,317,382,282,70,134,165,70
268,36,325,370,271,68,129,162,68
269,36,334,380,287,72,130,165,72
270,36,335,379,282,70,131,165,70
271,36,336,384,292,72,134,165,72
272,36,337,381,285,72,131,165,72
273,36,342,378,279,68,137,162,68
274,36,345,379,282,70,134,163,70
275,36,346,384,291,72,134,165,72
276,36,351,382,288,72,132,165,72
277,36,353,383,289,72,133,165,72
278,36,354,381,280,68,139,162,68
279,36,365,383,290,72,133,165,72
280,36,380,381,286,72,131,165,72
281,36,383,378,277,68,136,162,68
282,36,404,381,285,72,131,165,72
283,36,406,377,279,70,130,165,70
284,36,411,372,274,68,131,162,68
285,36,416,376,280,70,132,163,70
286,36,419,380,287,72,131,165,72
287,36,420,382,286,70,136,163,70
288,36,421,378,282,70,133,163,70
289,36,424,374,274,68,133,162,68
290,36,425,378,285,72,129,165,72
291,36,426,381,286,72,130,165,72
292,36,428,372,273,68,131,162,68
293,36,435,378,278,68,137,162,68
294,37,50,378,283,68,138,162,68
295,37,53,381,286,68,141,162,68
296,37,55,378,287,70,134,163,70
297,37,57,375,281,68,135,162,68
298,37,59,375,282,68,134,162,68
299,37,63,385,294,72,136,165,72
300,37,67,379,287,70,135,163,70
301,37,69,383,295,72,135,165,72
302,37,74,378,282,68,138,162,68
303,37,77,378,285,70,134,163,70
304,37,81,383,290,72,134,165,72
305,37,82,379,284,68,138,162,68
306,37,83,381,289,68,140,162,68
307,37,84,374,280,68,134,162,68
308,37,85,376,284,70,133,163,70
309,37,93,378,285,68,138,162,68
310,37,98,381,289,70,136,163,70
311,37,99,379,287,70,135,163,70
312,37,104,373,279,68,133,162,68
313,37,106,378,282,68,138,162,68
314,37,107,377,287,70,133,163,70
315,37,109,379,284,68,138,162,68
316,37,113,389,295,70,142,165,70
317,37,114,387,295,72,139,165,72
318,37,115,377,284,68,136,162,68
319,37,117,376,281,68,136,162,68
320,37,165,380,288,70,135,163,70
321,37,166,377,283,68,136,162,68
322,37,198,379,284,68,139,162,68
323,37,199,373,284,70,129,163,70
324,37,233,378,286,68,137,162,68
325,37,234,380,286,68,139,162,68
326,37,240,381,284,68,140,162,68
327,37,241,380,289,70,136,163,70
328,37,249,378,285,68,137,162,68
329,37,251,382,290,70,137,163,70
330,37,252,381,291,72,132,165,72
331,37,254,375,282,68,135,162,68
332,37,256,384,293,72,136,165,72
333,37,261,387,290,70,141,165,70
334,37,262,388,297,72,139,165,72
335,37,263,379,283,68,138,162,68
336,37,302,375,284,70,130,163,70
337,37,306,376,282,68,136,162,68
338,37,317,389,291,70,142,165,70
339,37,325,382,291,72,133,165,72
340,37,334,376,286,70,132,163,70
341,37,335,377,284,68,136,162,68
342,37,336,380,287,68,140,162,68
343,37,337,388,291,70,141,165,70
344,37,342,380,289,70,136,163,70
345,37,345,387,296,72,138,165,72
346,37,346,384,290,70,139,163,70
347,37,351,377,282,68,137,162,68
348,37,353,378,285,68,137,162,68
349,37,354,387,295,72,138,165,72
350,37,365,377,285,68,137,162,68
351,37,380,376,280,68,136,162,68
352,37,383,379,283,68,138,162,68
353,37,404,380,287,70,136,163,70
354,37,406,382,293,72,133,165,72
355,37,411,380,285,70,134,165,70
356,37,416,377,286,70,134,163,70
357,37,419,376,283,68,136,162,68
358,37,420,383,292,70,138,163,70
359,37,421,378,283,68,138,162,68
360,37,424,378,287,70,134,163,70
361,37,425,376,283,68,135,162,68
362,37,426,378,286,70,134,163,70
363,37,428,373,279,68,133,162,68
364,37,435,386,294,72,137,165,72
365,50,53,382,286,68,142,162,68
366,50,55,379,287,70,135,163,70
367,50,57,383,291,72,137,165,72
368,50,59,374,282,68,133,162,68
369,50,63,380,284,68,139,162,68
370,50,67,378,287,70,134,163,70
371,50,69,377,283,68,137,162,68
372,50,74,379,287,70,135,163,70
373,50,77,379,287,70,135,163,70
374,50,81,382,288,72,135,165,72
375,50,82,378,284,68,137,162,68
376,50,83,378,287,68,137,162,68
377,50,84,376,285,70,132,163,70
378,50,85,377,284,70,134,163,70
379,50,93,376,285,70,133,163,70
380,50,98,379,284,68,138,162,68
381,50,99,378,287,70,134,163,70
382,50,104,374,279,68,134,162,68
383,50,106,369,278,66,136,158,66
384,50,107,376,287,70,132,163,70
385,50,109,380,284,68,139,162,68
386,50,113,379,288,68,138,162,68
387,50,114,386,293,72,140,165,72
388,50,115,378,286,68,137,162,68
389,50,117,375,282,70,132,163,70
390,50,165,381,288,70,136,163,70
391,50,166,386,292,72,139,165,72
392,50,198,381,289,70,137,163,70
393,50,199,378,285,70,133,165,70
394,50,233,382,292,70,137,163,70
395,50,234,380,288,70,136,163,70
396,50,240,384,291,72,138,165,72
397,50,241,384,293,72,137,165,72
398,50,249,377,285,68,136,162,68
399,50,251,379,285,68,138,162,68
400,50,252,370,279,68,130,162,68
401,50,254,376,282,68,136,162,68
402,50,256,383,291,72,137,165,72
403,50,261,390,295,72,143,165,72
404,50,262,381,285,68,140,162,68
405,50,263,377,286,70,133,163,70
406,50,302,377,281,68,136,162,68
407,50,306,377,282,68,137,162,68
408,50,317,385,292,72,138,165,72
409,50,325,370,277,68,130,162,68
410,50,334,377,286,70,133,163,70
411,50,335,379,288,70,134,163,70
412,50,336,381,287,68,141,162,68
413,50,337,376,282,68,135,162,68
414,50,342,378,283,68,138,162,68
415,50,345,377,283,68,137,162,68
416,50,346,383,290,70,138,163,70
417,50,351,381,288,70,137,163,70
418,50,353,379,285,68,138,162,68
419,50,354,381,286,68,140,162,68
420,50,365,380,289,70,136,163,70
421,50,380,377,284,70,134,163,70
422,50,383,376,281,68,135,162,68
423,50,404,377,285,70,133,163,70
424,50,406,374,284,70,130,163,70
425,50,411,372,278,68,132,162,68
426,50,416,387,292,72,140,165,72
427,50,419,383,292,72,137,165,72
428,50,420,384,292,70,139,163,70
429,50,421,382,293,72,135,165,72
430,50,424,377,285,70,133,163,70
431,50,425,381,290,72,135,165,72
432,50,426,376,279,68,136,162,68
433,50,428,377,287,72,130,165,72
434,50,435,380,284,68,140,162,68
435,53,55,378,284,68,139,162,68
436,53,57,378,284,68,139,162,68
437,53,59,378,285,68,138,162,68
438,53,63,380,285,68,140,162,68
439,53,67,382,290,70,139,163,70
440,53,69,381,286,68,142,162,68
441,53,74,379,283,68,140,162,68
442,53,77,382,285,68,142,162,68
443,53,81,377,285,70,134,163,70
444,53,82,383,293,72,134,165,72
445,53,83,389,299,72,140,165,72
446,53,84,385,296,72,136,165,72
447,53,85,378,283,68,139,162,68
448,53,93,379,286,68,140,162,68
449,53,98,393,298,72,143,165,72
450,53,99,380,288,70,137,163,70
451,53,104,373,282,70,131,163,70
452,53,106,384,288,70,139,165,70
453,53,107,383,292,72,134,165,72
454,53,109,383,291,70,140,163,70
455,53,113,387,297,72,139,165,72
456,53,114,383,287,68,143,162,68
457,53,115,380,287,68,140,162,68
458,53,117,379,284,68,140,162,68
459,53,165,392,296,72,142,165,72
460,53,166,378,284,68,138,162,68
461,53,198,390,297,72,140,165,72
462,53,199,376,287,70,133,163,70
463,53,233,381,289,68,141,162,68
464,53,234,392,296,72,143,165,72
465,53,240,381,288,70,138,163,70
466,53,241,381,289,68,141,162,68
467,53,249,390,297,72,141,165,72
468,53,251,385,293,70,141,163,70
469,53,252,383,291,72,134,165,72
470,53,254,378,285,68,139,162,68
471,53,256,381,289,70,138,163,70
472,53,261,381,286,68,142,162,68
473,53,262,385,291,70,141,163,70
474,53,263,382,286,68,142,162,68
475,53,302,385,293,72,136,165,72
476,53,306,382,291,70,139,163,70
477,53,317,381,285,68,141,162,68
478,53,325,374,283,70,132,163,70
479,53,334,383,290,70,138,165,70
480,53,335,378,285,68,138,162,68
481,53,336,382,292,70,139,163,70
482,53,337,379,288,70,136,163,70
483,53,342,380,286,68,141,162,68
484,53,345,381,286,68,142,162,68
485,53,346,389,298,72,140,165,72
486,53,351,380,285,68,141,162,68
487,53,353,381,290,70,138,163,70
488,53,354,390,294,70,144,165,70
489,53,365,382,292,70,139,163,70
490,53,380,379,283,68,140,162,68
491,53,383,378,286,70,135,163,70
492,53,404,382,285,68,142,162,68
493,53,406,376,282,68,137,162,68
494,53,411,374,281,68,135,162,68
495,53,416,379,285,68,140,162,68
496,53,419,379,286,68,140,162,68
497,53,420,384,293,70,140,163,70
498,53,421,379,284,68,140,162,68
499,53,424,379,288,70,136,163,70
500,53,425,380,288,70,137,163,70
501,53,426,378,282,68,139,162,68
502,53,428,374,280,68,135,162,68
503,53,435,380,285,68,141,162,68
504,55,57,377,285,70,134,163,70
505,55,59,378,284,68,137,162,68
506,55,63,380,284,68,139,162,68
507,55,67,382,289,70,138,163,70
508,55,69,379,283,68,139,162,68
509,55,74,381,284,68,141,162,68
510,55,77,382,284,68,141,162,68
511,55,81,381,288,72,134,165,72
512,55,82,382,290,70,138,163,70
513,55,83,382,289,68,141,162,68
514,55,84,380,292,72,133,165,72
515,55,85,378,282,68,138,162,68
516,55,93,379,285,68,139,162,68
517,55,98,383,286,68,142,162,68
518,55,99,381,287,68,140,162,68
519,55,104,375,283,70,132,163,70
520,55,106,381,284,68,141,162,68
521,55,107,379,284,68,138,162,68
522,55,109,383,290,70,139,163,70
523,55,113,382,293,72,136,165,72
524,55,114,381,284,68,140,162,68
525,55,115,380,286,68,139,162,68
526,55,117,383,287,70,138,165,70
527,55,165,381,284,68,140,162,68
528,55,166,380,288,70,135,163,70
529,55,198,384,288,70,139,165,70
530,55,199,376,288,72,129,165,72
531,55,233,381,288,68,140,162,68
532,55,234,387,292,70,141,165,70
533,55,240,382,284,68,141,162,68
534,55,241,383,293,72,136,165,72
535,55,249,387,295,72,140,165,72
536,55,251,383,287,68,142,162,68
537,55,252,373,282,70,130,163,70
538,55,254,379,290,72,132,165,72
539,55,256,382,291,72,136,165,72
540,55,261,379,283,68,139,162,68
541,55,262,387,292,70,142,163,70
542,55,263,382,285,68,141,162,68
543,55,302,376,284,70,131,163,70
544,55,306,387,293,72,139,165,72
545,55,317,383,286,68,142,162,68
546,55,325,380,289,72,133,165,72
547,55,334,382,292,72,135,165,72
548,55,335,383,292,72,136,165,72
549,55,336,383,289,68,143,162,68
550,55,337,379,287,70,135,163,70
551,55,342,380,285,68,140,162,68
552,55,345,385,294,72,138,165,72
553,55,346,385,290,70,140,163,70
554,55,351,380,284,68,140,162,68
555,55,353,383,292,72,136,165,72
556,55,354,383,290,70,139,163,70
557,55,365,382,291,70,138,163,70
558,55,380,388,287,70,141,167,70
559,55,383,378,285,70,134,163,70
560,55,404,383,290,72,136,165,72
561,55,406,376,281,68,136,162,68
562,55,411,379,288,72,133,165,72
563,55,416,378,286,70,135,163,70
564,55,419,378,287,70,135,163,70
565,55,420,383,294,72,136,165,72
566,55,421,380,288,70,136,163,70
567,55,424,379,287,70,135,163,70
568,55,425,380,290,72,134,165,72
569,55,426,383,291,72,135,165,72
570,55,428,374,282,70,131,163,70
571,55,435,380,288,70,137,163,70
572,57,59,378,291,72,129,165,72
573,57,63,376,285,70,131,163,70
574,57,67,376,283,68,135,162,68
575,57,69,376,281,68,136,162,68
576,57,74,376,280,68,136,162,68
577,57,77,382,285,70,135,165,70
578,57,81,374,278,68,133,162,68
579,57,82,377,286,70,133,163,70
580,57,83,377,285,68,136,162,68
581,57,84,380,292,72,131,165,72
582,57,85,374,282,70,131,163,70
583,57,93,376,283,68,136,162,68
584,57,98,379,287,70,134,163,70
585,57,99,382,290,72,133,165,72
586,57,104,380,286,72,131,165,72
587,57,106,376,280,68,136,162,68
588,57,107,375,285,70,131,163,70
589,57,109,377,282,68,136,162,68
590,57,113,376,284,68,135,162,68
591,57,114,383,287,70,136,165,70
592,57,115,378,286,70,133,163,70
593,57,117,380,289,72,131,165,72
594,57,165,386,292,72,136,165,72
595,57,166,377,286,70,132,163,70
596,57,198,375,280,68,135,162,68
597,57,199,371,279,68,131,162,68
598,57,233,381,290,70,136,163,70
599,57,234,386,292,72,137,165,72
600,57,240,379,282,68,138,162,68
601,57,241,383,291,70,136,165,70
602,57,249,380,287,70,135,163,70
603,57,251,383,288,70,136,165,70
604,57,252,374,282,70,128,165,70
605,57,254,377,288,72,128,165,72
606,57,256,379,283,68,138,162,68
607,57,261,376,281,68,136,162,68
608,57,262,382,288,70,137,163,70
609,57,263,376,284,70,132,163,70
610,57,302,374,279,68,133,162,68
611,57,306,377,286,70,133,163,70
612,57,317,378,282,68,137,162,68
613,57,325,371,280,70,128,163,70
614,57,334,382,292,72,133,165,72
615,57,335,378,285,70,131,165,70
616,57,336,383,290,70,137,165,70
617,57,337,375,280,68,134,162,68
618,57,342,375,281,68,135,162,68
619,57,345,383,292,72,134,165,72
620,57,346,379,282,68,138,162,68
621,57,351,382,287,70,136,165,70
622,57,353,376,283,68,135,162,68
623,57,354,380,284,68,139,162,68
624,57,365,375,283,68,135,162,68
625,57,380,374,282,70,131,163,70
626,57,383,375,283,70,131,163,70
627,57,404,383,290,72,134,165,72
628,57,406,378,289,72,129,165,72
629,57,411,369,276,68,129,162,68
630,57,416,375,284,70,132,163,70
631,57,419,374,281,68,134,162,68
632,57,420,391,296,70,142,167,70
633,57,421,377,286,70,133,163,70
634,57,424,373,278,68,133,162,68
635,57,425,380,290,72,132,165,72
636,57,426,373,277,68,133,162,68
637,57,428,369,278,70,126,163,70
638,57,435,380,285,70,134,165,70
639,59,63,372,283,70,128,163,70
640,59,67,377,289,72,131,164,72
641,59,69,378,292,72,133,164,72
642,59,74,372,280,68,133,162,68
643,59,77,377,290,72,132,164,72
644,59,81,368,280,70,125,163,70
645,59,82,373,286,70,130,163,70
646,59,83,373,285,68,133,162,68
647,59,84,377,291,72,131,164,72
648,59,85,378,285,70,133,165,70
649,59,93,378,290,72,133,164,72
650,59,98,372,280,68,132,162,68
651,59,99,373,285,70,130,163,70
652,59,104,367,275,68,128,162,68
653,59,106,373,283,70,131,163,70
654,59,107,372,282,68,132,162,68
655,59,109,374,284,70,131,163,70
656,59,113,373,286,70,130,163,70
657,59,114,372,280,68,132,162,68
658,59,115,381,291,72,134,164,72
659,59,117,372,279,68,133,162,68
660,59,165,374,284,70,130,163,70
661,59,166,371,279,68,131,162,68
662,59,198,380,287,70,135,165,70
663,59,199,369,282,70,126,163,70
664,59,233,372,284,68,132,162,68
665,59,234,375,286,70,132,163,70
666,59,240,380,290,72,135,164,72
667,59,241,380,292,72,134,164,72
668,59,249,372,283,68,132,162,68
669,59,251,372,281,68,132,162,68
670,59,252,364,278,70,122,163,70
671,59,254,371,280,68,132,162,68
672,59,256,373,281,68,133,162,68
673,59,261,381,288,70,136,165,70
674,59,262,383,294,72,137,164,72
675,59,263,373,281,68,133,162,68
676,59,302,369,280,70,125,163,70
677,59,306,384,292,72,137,164,72
678,59,317,372,280,68,132,162,68
679,59,325,377,288,72,131,164,72
680,59,334,379,291,72,133,164,72
681,59,335,372,284,70,128,163,70
682,59,336,381,294,72,135,164,72
683,59,337,385,290,72,137,166,72
684,59,342,379,292,72,133,164,72
685,59,345,372,281,68,133,162,68
686,59,346,381,293,72,135,164,72
687,59,351,373,280,68,134,162,68
688,59,353,374,285,70,131,163,70
689,59,354,376,284,68,136,162,68
690,59,365,375,287,70,132,163,70
691,59,380,370,276,68,131,162,68
692,59,383,377,287,72,131,164,72
693,59,404,372,283,70,129,163,70
694,59,406,367,277,68,128,162,68
695,59,411,376,287,72,131,164,72
696,59,416,381,289,70,136,165,70
697,59,419,372,281,68,133,162,68
698,59,420,377,288,70,133,163,70
699,59,421,372,279,68,133,162,68
700,59,424,378,285,70,133,165,70
701,59,425,377,289,72,132,164,72
702,59,426,378,284,70,133,165,70
703,59,428,365,276,70,123,163,70
704,59,435,373,280,68,134,162,68
705,63,67,372,283,68,132,162,68
706,63,69,372,281,68,133,162,68
707,63,74,374,285,70,131,163,70
708,63,77,372,283,70,129,163,70
709,63,81,370,282,70,127,163,70
710,63,82,376,289,72,129,165,72
711,63,83,383,295,72,136,165,72
712,63,84,370,278,68,131,162,68
713,63,85,372,282,70,130,163,70
714,63,93,371,283,70,129,163,70
715,63,98,375,287,70,131,163,70
716,63,99,381,290,72,134,165,72
717,63,104,369,277,68,130,162,68
718,63,106,374,280,68,135,162,68
719,63,107,378,288,70,132,165,70
720,63,109,380,290,72,134,165,72
721,63,113,379,291,72,133,165,72
722,63,114,374,282,68,134,162,68
723,63,115,373,284,68,133,162,68
724,63,117,377,287,72,130,165,72
725,63,165,385,292,72,137,165,72
726,63,166,373,281,68,133,162,68
727,63,198,373,280,68,134,162,68
728,63,199,369,282,70,126,163,70
729,63,233,375,288,70,131,163,70
730,63,234,377,288,70,134,163,70
731,63,240,375,282,68,135,162,68
732,63,241,382,293,72,135,165,72
733,63,249,384,293,72,137,165,72
734,63,251,376,288,70,132,163,70
735,63,252,366,280,70,124,163,70
736,63,254,373,282,68,134,162,68
737,63,256,375,283,68,135,162,68
738,63,261,376,285,70,133,163,70
739,63,262,376,283,68,136,162,68
740,63,263,373,281,68,133,162,68
741,63,302,371,282,70,127,163,70
742,63,306,372,280,68,133,162,68
743,63,317,380,288,70,134,165,70
744,63,325,367,280,70,125,163,70
745,63,334,379,290,72,132,165,72
746,63,335,372,284,70,128,163,70
747,63,336,383,295,72,136,165,72
748,63,337,370,283,70,127,163,70
749,63,342,375,283,68,136,162,68
750,63,345,378,287,70,133,165,70
751,63,346,383,294,72,136,165,72
752,63,351,381,288,70,136,165,70
753,63,353,374,283,68,134,162,68
754,63,354,382,291,72,135,165,72
755,63,365,373,283,68,134,162,68
756,63,380,372,278,68,133,162,68
757,63,383,371,283,70,128,163,70
758,63,404,373,280,68,133,162,68
759,63,406,367,277,68,128,162,68
760,63,411,366,278,70,124,163,70
761,63,416,373,284,70,131,163,70
762,63,419,379,290,72,133,165,72
763,63,420,377,285,68,137,162,68
764,63,421,372,279,68,133,162,68
765,63,424,374,285,70,131,163,70
766,63,425,372,283,68,132,162,68
767,63,426,380,289,72,132,165,72
768,63,428,367,278,70,125,163,70
769,63,435,373,284,70,131,163,70
770,67,69,377,282,68,139,160,68
771,67,74,379,286,70,137,161,70
772,67,77,378,281,68,139,160,68
773,67,81,379,287,72,132,165,72
774,67,82,377,290,72,130,165,72
775,67,83,380,288,68,141,160,68
776,67,84,374,284,70,132,161,70
777,67,85,376,281,68,138,160,68
778,67,93,374,284,70,133,161,70
779,67,98,379,283,68,140,160,68
780,67,99,382,291,72,135,165,72
781,67,104,379,285,70,135,165,70
782,67,106,376,284,70,135,161,70
783,67,107,376,286,70,134,161,70
784,67,109,378,283,68,139,160,68
785,67,113,384,292,70,139,165,70
786,67,114,383,292,72,137,165,72
787,67,115,376,283,68,137,160,68
788,67,117,377,282,68,139,160,68
789,67,165,377,285,70,134,161,70
790,67,166,378,287,70,135,161,70
791,67,198,377,286,70,135,161,70
792,67,199,376,289,72,129,165,72
793,67,233,382,294,72,135,165,72
794,67,234,380,287,70,138,161,70
795,67,240,378,281,68,139,160,68
796,67,241,377,285,68,138,160,68
797,67,249,377,284,68,138,160,68
798,67,251,381,289,70,138,161,70
799,67,252,370,278,68,132,160,68
800,67,254,374,281,68,136,160,68
801,67,256,380,284,68,141,160,68
802,67,261,377,282,68,139,160,68
803,67,262,384,294,72,137,165,72
804,67,263,379,287,70,137,161,70
805,67,302,375,280,68,136,160,68
806,67,306,385,292,72,137,165,72
807,67,317,378,286,70,136,161,70
808,67,325,377,283,70,133,165,70
809,67,334,377,287,70,135,161,70
810,67,335,376,283,68,137,160,68
811,67,336,384,296,72,137,165,72
812,67,337,383,291,72,136,165,72
813,67,342,380,292,72,133,165,72
814,67,345,383,293,72,136,165,72
815,67,346,381,287,70,138,161,70
816,67,351,376,281,68,138,160,68
817,67,353,379,288,70,137,161,70
818,67,354,393,298,72,142,169,72
819,67,365,376,284,68,138,160,68
820,67,380,375,283,70,134,161,70
821,67,383,380,289,72,133,165,72
822,67,404,380,283,68,141,160,68
823,67,406,379,285,70,135,165,70
824,67,411,379,286,70,135,165,70
825,67,416,384,291,72,137,165,72
826,67,419,380,291,72,134,165,72
827,67,420,380,286,68,141,160,68
828,67,421,375,280,68,137,160,68
829,67,424,383,288,70,139,165,70
830,67,425,377,284,68,138,160,68
831,67,426,383,287,70,139,165,70
832,67,428,374,286,72,127,165,72
833,67,435,376,281,68,138,160,68
834,69,74,385,288,70,140,163,70
835,69,77,391,291,70,144,165,70
836,69,81,379,285,72,131,164,72
837,69,82,384,289,70,139,163,70
838,69,83,389,294,70,143,163,70
839,69,84,382,288,70,137,163,70
840,69,85,387,289,70,141,165,70
841,69,93,381,290,72,134,164,72
842,69,98,385,285,68,143,162,68
843,69,99,386,290,70,141,163,70
844,69,104,382,287,72,134,164,72
845,69,106,384,292,72,137,164,72
846,69,107,382,288,70,137,163,70
847,69,109,386,287,68,144,162,68
848,69,113,395,295,68,149,166,68
849,69,114,387,287,68,145,162,68
850,69,115,387,291,70,141,163,70
851,69,117,381,285,70,137,163,70
852,69,165,385,285,68,143,162,68
853,69,166,384,289,70,138,163,70
854,69,198,385,290,70,140,163,70
855,69,199,380,284,68,139,162,68
856,69,233,385,289,68,143,162,68
857,69,234,386,291,72,138,164,72
858,69,240,386,285,68,144,162,68
859,69,241,387,292,70,142,163,70
860,69,249,387,294,72,139,164,72
861,69,251,392,294,70,145,165,70
862,69,252,377,286,72,129,164,72
863,69,254,382,285,68,141,162,68
864,69,256,386,286,68,144,162,68
865,69,261,388,290,70,142,165,70
866,69,262,386,294,72,138,164,72
867,69,263,385,289,70,140,163,70
868,69,302,383,284,68,141,162,68
869,69,306,385,290,72,136,164,72
870,69,317,387,287,68,145,162,68
871,69,325,378,280,68,137,162,68
872,69,334,382,285,68,141,162,68
873,69,335,382,285,68,140,162,68
874,69,336,386,296,72,138,164,72
875,69,337,383,288,70,138,163,70
876,69,342,385,290,70,140,163,70
877,69,345,385,289,70,140,163,70
878,69,346,384,293,72,136,164,72
879,69,351,389,291,70,143,165,70
880,69,353,385,290,70,140,163,70
881,69,354,385,292,72,137,164,72
882,69,365,384,288,68,143,162,68
883,69,380,383,290,72,135,164,72
884,69,383,380,287,72,132,164,72
885,69,404,391,291,70,144,165,70
886,69,406,378,288,72,130,164,72
887,69,411,379,287,72,132,164,72
888,69,416,384,289,70,140,163,70
889,69,419,382,288,70,138,163,70
890,69,420,390,295,70,144,163,70
891,69,421,381,292,72,133,164,72
892,69,424,382,283,68,141,162,68
893,69,425,384,288,70,139,163,70
894,69,426,383,290,72,134,164,72
895,69,428,376,286,72,128,164,72
896,69,435,384,285,68,143,162,68
897,74,77,376,282,68,136,162,68
898,74,81,373,280,68,133,162,68
899,74,82,376,284,68,136,162,68
900,74,83,379,291,70,135,163,70
901,74,84,373,280,68,134,162,68
902,74,85,374,280,68,135,162,68
903,74,93,382,290,70,138,165,70
904,74,98,388,295,72,139,165,72
905,74,99,387,295,72,139,165,72
906,74,104,372,279,68,133,162,68
907,74,106,374,283,70,132,163,70
908,74,107,382,293,72,134,165,72
909,74,109,384,293,72,137,165,72
910,74,113,376,288,70,133,163,70
911,74,114,377,284,68,137,162,68
912,74,115,387,295,72,138,165,72
913,74,117,382,288,70,138,165,70
914,74,165,377,282,68,137,162,68
915,74,166,376,286,70,132,163,70
916,74,198,376,282,68,137,162,68
917,74,199,381,293,72,133,165,72
918,74,233,387,298,72,139,165,72
919,74,234,377,286,68,137,162,68
920,74,240,376,282,68,136,162,68
921,74,241,375,286,68,135,162,68
922,74,249,375,285,68,135,162,68
923,74,251,377,285,68,137,162,68
924,74,252,382,292,72,134,165,72
925,74,254,374,282,68,135,162,68
926,74,256,376,283,68,136,162,68
927,74,261,377,283,68,138,162,68
928,74,262,379,288,70,135,163,70
929,74,263,376,283,68,136,162,68
930,74,302,500,317,104,155,233,104
931,74,306,376,286,70,133,163,70
932,74,317,377,284,68,137,162,68
933,74,325,366,275,68,127,162,68
934,74,334,374,282,68,135,162,68
935,74,335,372,282,68,132,162,68
936,74,336,384,292,70,140,165,70
937,74,337,373,285,70,130,163,70
938,74,342,376,283,68,137,162,68
939,74,345,373,281,68,134,162,68
940,74,346,376,282,68,136,162,68
941,74,351,387,296,72,139,165,72
942,74,353,379,289,70,136,163,70
943,74,354,379,290,70,136,163,70
944,74,365,374,283,68,135,162,68
945,74,380,375,280,68,136,162,68
946,74,383,372,283,70,129,163,70
947,74,404,376,282,68,136,162,68
948,74,406,381,292,72,133,165,72
949,74,411,370,278,68,131,162,68
950,74,416,377,284,68,138,162,68
951,74,419,380,288,70,136,165,70
952,74,420,387,294,70,142,165,70
953,74,421,376,286,70,133,163,70
954,74,424,381,287,70,137,165,70
955,74,425,374,285,70,131,163,70
956,74,426,374,279,68,135,162,68
957,74,428,370,277,68,131,162,68
958,74,435,376,282,68,137,162,68
959,77,81,378,286,72,131,165,72
960,77,82,377,287,70,134,163,70
961,77,83,382,292,70,138,163,70
962,77,84,372,279,68,133,162,68
963,77,85,374,283,70,132,163,70
964,77,93,378,289,72,132,165,72
965,77,98,378,283,68,138,162,68
966,77,99,379,288,70,134,165,70
967,77,104,379,286,72,132,165,72
968,77,106,376,281,68,137,162,68
969,77,107,376,283,68,136,162,68
970,77,109,380,290,72,134,165,72
971,77,113,379,291,72,133,165,72
972,77,114,377,286,70,134,163,70
973,77,115,375,283,68,135,162,68
974,77,117,374,280,68,135,162,68
975,77,165,383,290,72,135,165,72
976,77,166,375,282,68,135,162,68
977,77,198,378,285,70,134,165,70
978,77,199,371,283,70,128,163,70
979,77,233,381,293,72,134,165,72
980,77,234,378,285,68,138,162,68
981,77,240,376,284,70,133,163,70
982,77,241,378,287,68,138,162,68
983,77,249,384,293,72,137,165,72
984,77,251,380,289,70,136,163,70
985,77,252,369,278,68,130,162,68
986,77,254,374,286,70,132,163,70
987,77,256,378,287,70,135,163,70
988,77,261,378,286,70,135,163,70
989,77,262,380,284,68,140,162,68
990,77,263,379,284,68,139,162,68
991,77,302,373,283,70,129,163,70
992,77,306,374,281,68,135,162,68
993,77,317,381,290,72,134,165,72
994,77,325,377,287,72,130,165,72
995,77,334,373,281,68,134,162,68
996,77,335,378,287,70,134,163,70
997,77,336,379,290,70,136,163,70
998,77,337,378,285,70,133,165,70
999,77,342,377,284,68,138,162,68
1000,77,345,382,292,72,135,165,72
1001,77,346,380,287,70,136,163,70
1002,77,351,377,283,68,138,162,68
1003,77,353,378,288,70,135,163,70
1004,77,354,380,285,68,140,162,68
1005,77,365,377,288,70,134,163,70
1006,77,380,374,283,70,132,163,70
1007,77,383,377,286,72,130,165,72
1008,77,404,378,286,70,135,163,70
1009,77,406,375,285,70,132,163,70
1010,77,411,369,277,68,130,162,68
1011,77,416,375,285,70,133,163,70
1012,77,419,373,284,70,131,163,70
1013,77,420,379,286,68,139,162,68
1014,77,421,374,280,68,135,162,68
1015,77,424,373,279,68,134,162,68
1016,77,425,374,282,68,134,162,68
1017,77,426,374,283,70,131,163,70
1018,77,428,371,278,68,132,162,68
1019,77,435,377,283,68,138,162,68
1020,81,82,375,289,72,128,165,72
1021,81,83,375,284,70,132,162,70
1022,81,84,375,280,70,131,164,70
1023,81,85,369,277,70,128,162,70
1024,81,93,368,278,70,127,162,70
1025,81,98,385,294,72,137,165,72
1026,81,99,371,278,68,132,161,68
1027,81,104,366,272,68,128,161,68
1028,81,106,371,275,68,133,161,68
1029,81,107,377,290,72,130,165,72
1030,81,109,371,279,70,129,162,70
1031,81,113,372,281,70,130,162,70
1032,81,114,370,278,70,128,162,70
1033,81,115,373,281,70,130,162,70
1034,81,117,377,281,70,133,164,70
1035,81,165,371,275,68,132,161,68
1036,81,166,368,274,68,129,161,68
1037,81,198,382,293,72,134,165,72
1038,81,199,376,290,72,129,165,72
1039,81,233,371,279,68,132,161,68
1040,81,234,374,281,70,132,162,70
1041,81,240,381,291,72,135,165,72
1042,81,241,371,279,68,132,161,68
1043,81,249,375,282,70,132,162,70
1044,81,251,371,276,68,132,161,68
1045,81,252,365,275,70,124,162,70
1046,81,254,377,290,72,130,165,72
1047,81,256,372,276,68,133,161,68
1048,81,261,387,295,72,140,165,72
1049,81,262,373,276,68,134,161,68
1050,81,263,380,291,72,134,165,72
1051,81,302,369,274,68,130,161,68
1052,81,306,369,275,68,131,161,68
1053,81,317,371,275,68,132,161,68
1054,81,325,362,268,68,124,161,68
1055,81,334,368,275,68,130,161,68
1056,81,335,368,275,68,129,161,68
1057,81,336,373,280,68,135,161,68
1058,81,337,370,275,68,131,161,68
1059,81,342,371,280,70,129,162,70
1060,81,345,371,279,70,129,162,70
1061,81,346,372,275,68,133,161,68
1062,81,351,370,275,68,132,161,68
1063,81,353,369,276,68,130,161,68
1064,81,354,375,279,68,136,161,68
1065,81,365,381,293,72,134,165,72
1066,81,380,367,275,70,126,162,70
1067,81,383,370,274,68,131,161,68
1068,81,404,372,275,68,133,161,68
1069,81,406,368,277,70,126,162,70
1070,81,411,363,273,70,122,162,70
1071,81,416,368,277,70,127,162,70
1072,81,419,367,274,68,129,161,68
1073,81,420,374,283,70,131,162,70
1074,81,421,369,274,68,131,161,68
1075,81,424,380,292,72,133,165,72
1076,81,425,369,276,68,130,161,68
1077,81,426,381,291,72,133,165,72
1078,81,428,374,279,70,130,164,70
1079,81,435,370,279,70,129,162,70
1080,82,83,373,284,68,135,160,68
1081,82,84,380,293,72,133,165,72
1082,82,85,371,279,68,134,160,68
1083,82,93,370,280,68,133,160,68
1084,82,98,372,279,68,134,160,68
1085,82,99,372,282,68,134,160,68
1086,82,104,364,276,70,124,161,70
1087,82,106,382,292,72,136,165,72
1088,82,107,382,290,70,137,165,70
1089,82,109,373,281,68,135,160,68
1090,82,113,382,292,70,137,165,70
1091,82,114,371,282,70,130,161,70
1092,82,115,384,293,72,136,165,72
1093,82,117,370,278,68,133,160,68
1094,82,165,382,288,70,137,165,70
1095,82,166,369,278,68,131,160,68
1096,82,198,371,279,68,134,160,68
1097,82,199,365,276,68,128,160,68
1098,82,233,384,296,72,137,165,72
1099,82,234,384,292,70,139,165,70
1100,82,240,373,279,68,135,160,68
1101,82,241,374,286,70,133,161,70
1102,82,249,387,296,72,140,165,72
1103,82,251,376,287,70,134,161,70
1104,82,252,364,277,70,124,161,70
1105,82,254,368,282,70,128,161,70
1106,82,256,373,280,68,135,160,68
1107,82,261,380,287,70,136,165,70
1108,82,262,376,285,70,134,161,70
1109,82,263,372,283,70,131,161,70
1110,82,302,370,278,68,132,160,68
1111,82,306,373,285,70,132,161,70
1112,82,317,374,281,68,136,160,68
1113,82,325,380,290,72,133,165,72
1114,82,334,382,293,72,135,165,72
1115,82,335,383,293,72,136,165,72
1116,82,336,372,282,68,135,160,68
1117,82,337,383,291,72,136,165,72
1118,82,342,382,294,72,135,165,72
1119,82,345,370,278,68,133,160,68
1120,82,346,376,285,70,134,161,70
1121,82,351,372,283,70,131,161,70
1122,82,353,383,293,72,136,165,72
1123,82,354,374,281,68,136,160,68
1124,82,365,385,296,72,138,165,72
1125,82,380,370,277,68,133,160,68
1126,82,383,369,280,70,128,161,70
1127,82,404,373,279,68,135,160,68
1128,82,406,369,281,70,128,161,70
1129,82,411,365,275,68,128,160,68
1130,82,416,506,322,104,161,233,104
1131,82,419,368,278,68,131,160,68
1132,82,420,373,282,68,135,160,68
1133,82,421,370,278,68,133,160,68
1134,82,424,369,277,68,132,160,68
1135,82,425,380,291,72,134,165,72
1136,82,426,370,281,70,129,161,70
1137,82,428,376,288,72,129,165,72
1138,82,435,371,279,68,134,160,68
1139,83,84,378,288,70,134,164,70
1140,83,85,372,284,70,131,162,70
1141,83,93,373,287,70,132,162,70
1142,83,98,376,284,68,137,161,68
1143,83,99,388,297,72,140,165,72
1144,83,104,368,281,70,127,162,70
1145,83,106,373,285,70,132,162,70
1146,83,107,374,284,68,135,161,68
1147,83,109,375,284,68,136,161,68
1148,83,113,387,300,72,140,165,72
1149,83,114,388,298,72,141,165,72
1150,83,115,376,288,70,133,162,70
1151,83,117,374,283,68,136,161,68
1152,83,165,374,282,68,135,161,68
1153,83,166,388,297,72,140,165,72
1154,83,198,374,287,70,132,162,70
1155,83,199,369,281,68,131,161,68
1156,83,233,376,288,68,137,161,68
1157,83,234,387,293,70,140,166,70
1158,83,240,386,296,72,139,165,72
1159,83,241,376,289,70,134,162,70
1160,83,249,374,285,68,135,161,68
1161,83,251,376,285,68,137,161,68
1162,83,252,367,279,68,129,161,68
1163,83,254,370,285,70,129,162,70
1164,83,256,374,286,70,132,162,70
1165,83,261,376,287,70,134,162,70
1166,83,262,389,300,72,141,165,72
1167,83,263,375,283,68,136,161,68
1168,83,302,372,281,68,133,161,68
1169,83,306,391,298,72,142,165,72
1170,83,317,375,287,70,133,162,70
1171,83,325,369,282,70,128,162,70
1172,83,334,371,282,68,133,161,68
1173,83,335,374,286,70,131,162,70
1174,83,336,377,291,70,135,162,70
1175,83,337,375,284,68,136,161,68
1176,83,342,385,298,72,137,165,72
1177,83,345,376,288,70,134,162,70
1178,83,346,375,282,68,136,161,68
1179,83,351,374,286,70,132,162,70
1180,83,353,374,285,68,135,161,68
1181,83,354,389,298,72,141,165,72
1182,83,365,373,285,68,135,161,68
1183,83,380,372,280,68,134,161,68
1184,83,383,371,283,70,129,162,70
1185,83,404,376,287,70,134,162,70
1186,83,406,373,286,70,131,162,70
1187,83,411,369,280,68,131,161,68
1188,83,416,374,284,68,136,161,68
1189,83,419,371,285,70,130,162,70
1190,83,420,377,287,68,138,161,68
1191,83,421,373,286,70,131,162,70
1192,83,424,374,287,70,132,162,70
1193,83,425,372,283,68,133,161,68
1194,83,426,387,296,72,138,165,72
1195,83,428,367,280,70,126,162,70
1196,83,435,373,282,68,135,161,68
1197,84,85,375,281,70,131,163,70
1198,84,93,379,287,72,131,165,72
1199,84,98,379,281,68,137,162,68
1200,84,99,381,286,70,134,165,70
1201,84,104,372,276,68,131,162,68
1202,84,106,377,279,68,136,162,68
1203,84,107,377,286,72,128,165,72
1204,84,109,378,281,68,136,162,68
1205,84,113,380,289,72,132,165,72
1206,84,114,383,285,70,136,165,70
1207,84,115,378,283,68,136,162,68
1208,84,117,373,279,70,129,163,70
1209,84,165,381,283,70,134,165,70
1210,84,166,376,280,68,134,162,68
1211,84,198,377,284,70,132,163,70
1212,84,199,372,278,68,131,162,68
1213,84,233,380,287,70,134,163,70
1214,84,234,379,283,68,137,162,68
1215,84,240,384,285,70,137,165,70
1216,84,241,383,291,72,134,165,72
1217,84,249,381,286,70,134,165,70
1218,84,251,379,282,68,137,162,68
1219,84,252,371,279,70,127,163,70
1220,84,254,374,279,68,133,162,68
1221,84,256,384,286,70,137,165,70
1222,84,261,387,291,72,138,165,72
1223,84,262,381,282,68,139,162,68
1224,84,263,378,280,68,136,162,68
1225,84,302,379,282,70,132,165,70
1226,84,306,378,285,70,133,163,70
1227,84,317,379,281,68,137,162,68
1228,84,325,378,285,72,129,165,72
1229,84,334,374,279,68,133,162,68
1230,84,335,376,281,68,134,162,68
1231,84,336,380,288,70,135,163,70
1232,84,337,383,288,72,134,165,72
1233,84,342,377,284,70,132,163,70
1234,84,345,379,285,70,134,163,70
1235,84,346,383,287,70,137,163,70
1236,84,351,384,291,72,135,165,72
1237,84,353,377,282,68,135,162,68
1238,84,354,381,283,68,139,162,68
1239,84,365,383,291,72,134,165,72
1240,84,380,375,277,68,134,162,68
1241,84,383,376,278,68,134,162,68
1242,84,404,382,283,70,135,165,70
1243,84,406,374,278,68,133,162,68
1244,84,411,369,277,70,125,163,70
1245,84,416,384,288,72,135,165,72
1246,84,419,380,288,72,132,165,72
1247,84,420,380,284,68,138,162,68
1248,84,421,379,289,72,130,165,72
1249,84,424,377,284,70,132,163,70
1250,84,425,377,282,68,135,162,68
1251,84,426,375,281,70,130,163,70
1252,84,428,372,276,68,131,162,68
1253,84,435,382,288,72,133,165,72
1254,85,93,373,281,68,134,162,68
1255,85,98,378,287,70,134,163,70
1256,85,99,375,283,68,135,162,68
1257,85,104,369,279,70,127,163,70
1258,85,106,375,280,68,136,162,68
1259,85,107,372,283,70,129,163,70
1260,85,109,377,286,70,134,163,70
1261,85,113,376,286,70,133,163,70
1262,85,114,376,285,70,133,163,70
1263,85,115,374,282,68,134,162,68
1264,85,117,381,289,72,133,165,72
1265,85,165,375,284,70,131,163,70
1266,85,166,384,290,72,136,165,72
1267,85,198,385,293,72,136,165,72
1268,85,199,379,290,72,131,165,72
1269,85,233,375,284,68,135,162,68
1270,85,234,377,284,68,137,162,68
1271,85,240,376,280,68,136,162,68
1272,85,241,375,284,68,135,162,68
1273,85,249,379,287,70,135,163,70
1274,85,251,385,294,72,136,165,72
1275,85,252,367,278,70,125,163,70
1276,85,254,372,280,68,133,162,68
1277,85,256,375,284,70,132,163,70
1278,85,261,375,281,68,136,162,68
1279,85,262,377,281,68,137,162,68
1280,85,263,376,281,68,136,162,68
1281,85,302,379,287,72,131,165,72
1282,85,306,373,280,68,134,162,68
1283,85,317,381,286,70,136,165,70
1284,85,325,368,275,68,129,162,68
1285,85,334,376,284,70,132,165,70
1286,85,335,384,292,72,136,165,72
1287,85,336,381,289,70,137,165,70
1288,85,337,374,280,68,134,162,68
1289,85,342,374,281,68,135,162,68
1290,85,345,377,283,70,133,165,70
1291,85,346,379,286,70,135,163,70
1292,85,351,374,280,68,135,162,68
1293,85,353,375,285,70,132,163,70
1294,85,354,377,282,68,137,162,68
1295,85,365,374,283,68,135,162,68
1296,85,380,384,291,72,136,165,72
1297,85,383,372,281,70,129,163,70
1298,85,404,376,280,68,136,162,68
1299,85,406,370,277,68,131,162,68
1300,85,411,368,276,68,129,162,68
1301,85,416,385,290,72,137,165,72
1302,85,419,371,279,68,132,162,68
1303,85,420,378,288,70,134,163,70
1304,85,421,373,279,68,134,162,68
1305,85,424,383,292,72,135,165,72
1306,85,425,374,283,70,131,163,70
1307,85,426,384,291,72,135,165,72
1308,85,428,372,279,70,128,165,70
1309,85,435,374,280,68,135,162,68
1310,93,98,384,285,68,142,162,68
1311,93,99,382,286,68,140,162,68
1312,93,104,379,280,68,138,162,68
1313,93,106,384,283,68,143,162,68
1314,93,107,382,285,68,140,162,68
1315,93,109,386,289,70,141,163,70
1316,93,113,385,291,70,140,163,70
1317,93,114,388,293,72,139,165,72
1318,93,115,384,289,70,138,163,70
1319,93,117,384,284,68,143,162,68
1320,93,165,386,289,70,140,163,70
1321,93,166,383,284,68,141,162,68
1322,93,198,386,290,70,141,163,70
1323,93,199,381,290,72,131,165,72
1324,93,233,511,325,104,165,233,104
1325,93,234,387,291,70,142,163,70
1326,93,240,385,285,68,143,162,68
1327,93,241,384,290,70,139,163,70
1328,93,249,382,286,68,140,162,68
1329,93,251,384,286,68,142,162,68
1330,93,252,376,283,70,132,163,70
1331,93,254,381,283,68,140,162,68
1332,93,256,383,284,68,141,162,68
1333,93,261,384,284,68,143,162,68
1334,93,262,392,292,70,144,165,70
1335,93,263,383,284,68,141,162,68
1336,93,302,383,289,72,133,165,72
1337,93,306,382,283,68,141,162,68
1338,93,317,384,285,68,142,162,68
1339,93,325,381,284,70,134,165,70
1340,93,334,387,294,72,137,165,72
1341,93,335,382,287,70,136,163,70
1342,93,336,387,292,70,142,163,70
1343,93,337,389,291,70,141,165,70
1344,93,342,385,286,68,144,162,68
1345,93,345,388,294,72,138,165,72
1346,93,346,387,294,72,137,165,72
1347,93,351,383,283,68,142,162,68
1348,93,353,384,286,68,142,162,68
1349,93,354,386,287,68,144,162,68
1350,93,365,383,286,68,142,162,68
1351,93,380,386,291,72,136,165,72
1352,93,383,389,290,70,141,165,70
1353,93,404,382,286,70,137,163,70
1354,93,406,379,285,70,134,163,70
1355,93,411,379,281,68,138,162,68
1356,93,416,389,292,72,139,165,72
1357,93,419,385,292,72,136,165,72
1358,93,420,387,288,68,145,162,68
1359,93,421,382,282,68,141,162,68
1360,93,424,382,286,70,137,163,70
1361,93,425,382,286,68,140,162,68
1362,93,426,383,282,68,142,162,68
1363,93,428,377,281,70,133,163,70
1364,93,435,385,285,68,144,162,68
1365,98,99,374,283,70,132,161,70
1366,98,104,368,275,68,130,160,68
1367,98,106,375,280,68,137,160,68
1368,98,107,372,283,70,130,161,70
1369,98,109,374,280,68,135,160,68
1370,98,113,375,284,68,136,160,68
1371,98,114,375,280,68,136,160,68
1372,98,115,384,291,70,137,165,70
1373,98,117,371,280,70,130,161,70
1374,98,165,375,280,68,136,160,68
1375,98,166,372,279,68,133,160,68
1376,98,198,374,280,68,136,160,68
1377,98,199,368,277,68,130,160,68
1378,98,233,388,297,72,139,165,72
1379,98,234,378,286,70,136,161,70
1380,98,240,375,283,70,133,161,70
1381,98,241,375,284,68,136,160,68
1382,98,249,373,281,68,134,160,68
1383,98,251,386,294,72,136,165,72
1384,98,252,369,280,70,128,161,70
1385,98,254,372,280,68,134,160,68
1386,98,256,386,293,72,138,165,72
1387,98,261,384,286,68,142,164,68
1388,98,262,379,286,70,136,161,70
1389,98,263,376,281,68,137,160,68
1390,98,302,373,279,68,134,160,68
1391,98,306,371,278,68,133,160,68
1392,98,317,375,280,68,136,160,68
1393,98,325,370,280,70,129,161,70
1394,98,334,373,284,70,131,161,70
1395,98,335,375,284,70,132,161,70
1396,98,336,376,287,70,134,161,70
1397,98,337,384,289,70,137,165,70
1398,98,342,386,295,72,137,165,72
1399,98,345,375,284,70,133,161,70
1400,98,346,379,286,70,136,161,70
1401,98,351,374,280,68,136,160,68
1402,98,353,377,287,70,135,161,70
1403,98,354,387,293,72,138,165,72
1404,98,365,387,295,72,138,165,72
1405,98,380,371,280,70,130,161,70
1406,98,383,372,281,70,130,161,70
1407,98,404,376,280,68,137,160,68
1408,98,406,382,291,72,133,165,72
1409,98,411,383,290,72,135,165,72
1410,98,416,372,282,70,131,161,70
1411,98,419,373,281,68,135,160,68
1412,98,420,378,288,70,135,161,70
1413,98,421,374,284,70,132,161,70
1414,98,424,386,294,72,137,165,72
1415,98,425,374,283,70,132,161,70
1416,98,426,372,277,68,134,160,68
1417,98,428,366,276,70,125,161,70
1418,98,435,384,289,70,138,165,70
1419,99,104,375,282,70,131,165,70
1420,99,106,372,277,68,135,160,68
1421,99,107,374,281,68,136,160,68
1422,99,109,375,281,68,137,160,68
1423,99,113,375,285,70,134,161,70
1424,99,114,373,282,70,132,161,70
1425,99,115,388,293,72,139,165,72
1426,99,117,370,279,70,130,161,70
1427,99,165,374,283,70,132,161,70
1428,99,166,381,288,70,136,165,70
1429,99,198,373,279,68,136,160,68
1430,99,199,377,286,70,133,165,70
1431,99,233,387,296,72,139,165,72
1432,99,234,377,285,70,136,161,70
1433,99,240,374,282,70,133,161,70
1434,99,241,374,283,68,136,160,68
1435,99,249,388,294,72,140,165,72
1436,99,251,378,287,70,136,161,70
1437,99,252,367,276,68,130,160,68
1438,99,254,370,282,70,130,161,70
1439,99,256,385,292,72,138,165,72
1440,99,261,376,284,70,135,161,70
1441,99,262,378,282,68,140,160,68
1442,99,263,385,292,72,138,165,72
1443,99,302,381,288,72,133,165,72
1444,99,306,370,277,68,133,160,68
1445,99,317,374,279,68,136,160,68
1446,99,325,367,277,70,127,161,70
1447,99,334,371,279,68,134,160,68
1448,99,335,386,293,72,138,165,72
1449,99,336,375,286,70,134,161,70
1450,99,337,372,282,70,131,161,70
1451,99,342,374,284,70,133,161,70
1452,99,345,382,288,70,138,165,70
1453,99,346,383,287,70,138,165,70
1454,99,351,371,283,68,134,161,68
1455,99,353,374,282,68,136,160,68
1456,99,354,378,287,70,137,161,70
1457,99,365,373,282,68,136,160,68
1458,99,380,380,285,70,136,165,70
1459,99,383,371,280,70,130,161,70
1460,99,404,375,279,68,137,160,68
1461,99,406,371,281,70,130,161,70
1462,99,411,375,283,70,131,165,70
1463,99,416,374,281,68,137,160,68
1464,99,419,370,278,68,133,160,68
1465,99,420,377,284,68,139,160,68
1466,99,421,372,278,68,135,160,68
1467,99,424,385,293,72,137,165,72
1468,99,425,383,291,72,136,165,72
1469,99,426,379,284,70,135,165,70
1470,99,428,369,276,68,132,160,68
1471,99,435,388,293,72,140,165,72
1472,104,106,372,277,68,134,162,68
1473,104,107,370,279,68,131,162,68
1474,104,109,374,283,70,132,163,70
1475,104,113,376,287,70,132,165,70
1476,104,114,382,290,72,136,165,72
1477,104,115,381,289,72,133,165,72
1478,104,117,372,278,68,134,162,68
1479,104,165,383,289,72,135,165,72
1480,104,166,373,280,68,134,162,68
1481,104,198,374,284,70,132,163,70
1482,104,199,373,285,72,126,165,72
1483,104,233,381,292,72,134,165,72
1484,104,234,375,285,70,133,163,70
1485,104,240,382,290,72,135,166,72
1486,104,241,372,283,68,133,162,68
1487,104,249,384,292,72,137,165,72
1488,104,251,381,291,72,133,165,72
1489,104,252,376,286,72,129,165,72
1490,104,254,371,279,68,133,162,68
1491,104,256,372,283,70,130,163,70
1492,104,261,372,278,68,134,162,68
1493,104,262,374,280,68,135,162,68
1494,104,263,372,283,70,130,163,70
1495,104,302,372,278,68,133,162,68
1496,104,306,372,279,68,134,162,68
1497,104,317,374,281,68,135,162,68
1498,104,325,375,284,72,128,165,72
1499,104,334,371,279,68,133,162,68
1500,104,335,372,283,70,129,163,70
1501,104,336,381,292,72,134,165,72
1502,104,337,370,282,70,128,163,70
1503,104,342,373,280,68,135,162,68
1504,104,345,370,278,68,132,162,68
1505,104,346,373,279,68,134,162,68
1506,104,351,373,279,68,135,162,68
1507,104,353,376,286,70,134,163,70
1508,104,354,376,287,70,134,163,70
1509,104,365,371,280,68,133,162,68
1510,104,380,370,275,68,132,162,68
1511,104,383,369,280,70,127,163,70
1512,104,404,380,287,72,133,165,72
1513,104,406,367,276,68,129,162,68
1514,104,411,367,275,68,129,162,68
1515,104,416,374,281,68,136,162,68
1516,104,419,376,284,70,133,165,70
1517,104,420,380,291,72,133,165,72
1518,104,421,372,278,68,134,162,68
1519,104,424,372,282,70,130,163,70
1520,104,425,377,287,72,131,165,72
1521,104,426,372,281,70,130,163,70
1522,104,428,369,276,68,131,162,68
1523,104,435,381,289,72,134,165,72
1524,106,107,375,284,70,133,162,70
1525,106,109,377,281,68,138,161,68
1526,106,113,379,287,70,137,162,70
1527,106,114,378,281,68,139,161,68
1528,106,115,380,287,70,137,162,70
1529,106,117,376,280,68,138,161,68
1530,106,165,378,281,68,139,161,68
1531,106,166,379,287,70,136,162,70
1532,106,198,378,286,70,136,162,70
1533,106,199,371,281,70,129,162,70
1534,106,233,381,289,70,138,162,70
1535,106,234,381,287,70,139,162,70
1536,106,240,386,288,70,140,165,70
1537,106,241,380,288,70,138,162,70
1538,106,249,376,282,68,137,161,68
1539,106,251,378,282,68,139,161,68
1540,106,252,371,278,68,133,161,68
1541,106,254,375,281,68,137,161,68
1542,106,256,386,289,70,140,165,70
1543,106,261,376,280,68,138,161,68
1544,106,262,389,291,70,143,165,70
1545,106,263,379,282,68,140,161,68
1546,106,302,385,291,72,136,165,72
1547,106,306,376,281,68,138,161,68
1548,106,317,378,281,68,139,161,68
1549,106,325,376,281,70,131,165,70
1550,106,334,375,281,68,137,161,68
1551,106,335,378,285,70,135,162,70
1552,106,336,391,299,72,142,165,72
1553,106,337,377,281,68,138,161,68
1554,106,342,377,282,68,139,161,68
1555,106,345,380,287,70,138,162,70
1556,106,346,379,281,68,140,161,68
1557,106,351,378,285,70,136,162,70
1558,106,353,378,286,70,136,162,70
1559,106,354,380,287,70,138,162,70
1560,106,365,388,295,72,139,165,72
1561,106,380,376,279,68,138,161,68
1562,106,383,384,287,70,138,165,70
1563,106,404,378,284,70,136,162,70
1564,106,406,373,278,68,135,161,68
1565,106,411,371,277,68,133,161,68
1566,106,416,375,283,70,134,162,70
1567,106,419,375,284,70,134,162,70
1568,106,420,381,286,68,142,161,68
1569,106,421,376,280,68,138,161,68
1570,106,424,375,279,68,137,161,68
1571,106,425,385,292,72,137,165,72
1572,106,426,375,278,68,137,161,68
1573,106,428,379,287,72,130,165,72
1574,106,435,377,281,68,139,161,68
1575,107,109,381,288,70,137,163,70
1576,107,113,377,286,68,136,162,68
1577,107,114,385,290,70,138,165,70
1578,107,115,376,284,68,135,162,68
1579,107,117,375,282,70,132,163,70
1580,107,165,379,282,68,138,162,68
1581,107,166,378,283,68,137,162,68
1582,107,198,378,282,68,138,162,68
1583,107,199,372,279,68,132,162,68
1584,107,233,385,297,72,137,165,72
1585,107,234,379,286,68,138,162,68
1586,107,240,384,293,72,137,165,72
1587,107,241,379,289,70,135,163,70
1588,107,249,379,287,70,134,163,70
1589,107,251,379,288,70,134,163,70
1590,107,252,371,282,70,128,163,70
1591,107,254,375,285,70,132,163,70
1592,107,256,384,289,70,137,165,70
1593,107,261,388,295,72,140,165,72
1594,107,262,387,291,70,140,165,70
1595,107,263,384,289,70,137,165,70
1596,107,302,383,287,70,136,165,70
1597,107,306,378,286,70,134,163,70
1598,107,317,383,288,70,136,165,70
1599,107,325,376,283,70,130,165,70
1600,107,334,383,294,72,135,165,72
1601,107,335,374,282,68,133,162,68
1602,107,336,379,285,68,139,162,68
1603,107,337,375,285,70,131,163,70
1604,107,342,384,289,70,138,165,70
1605,107,345,375,281,68,135,162,68
1606,107,346,381,288,70,136,163,70
1607,107,351,384,288,70,138,165,70
1608,107,353,377,283,68,136,162,68
1609,107,354,381,290,70,137,163,70
1610,107,365,378,285,68,138,162,68
1611,107,380,513,321,102,166,236,102
1612,107,383,376,281,68,135,162,68
1613,107,404,378,282,68,137,162,68
1614,107,406,379,291,72,131,165,72
1615,107,411,372,278,68,132,162,68
1616,107,416,379,284,68,139,162,68
1617,107,419,376,285,70,133,163,70
1618,107,420,384,292,70,139,163,70
1619,107,421,382,295,72,134,165,72
1620,107,424,376,280,68,136,162,68
1621,107,425,376,285,70,132,163,70
1622,107,426,376,279,68,136,162,68
1623,107,428,374,279,68,134,162,68
1624,107,435,378,282,68,138,162,68
1625,109,113,381,288,70,137,163,70
1626,109,114,379,285,70,135,163,70
1627,109,115,379,284,68,138,162,68
1628,109,117,378,281,68,138,162,68
1629,109,165,388,292,72,137,165,72
1630,109,166,385,290,72,135,165,72
1631,109,198,380,287,70,136,163,70
1632,109,199,378,288,72,128,165,72
1633,109,233,380,286,68,139,162,68
1634,109,234,383,288,70,139,163,70
1635,109,240,384,286,70,137,165,70
1636,109,241,380,286,68,139,162,68
1637,109,249,382,287,70,137,163,70
1638,109,251,382,285,68,141,162,68
1639,109,252,372,280,70,129,163,70
1640,109,254,376,285,70,133,163,70
1641,109,256,380,286,70,136,163,70
1642,109,261,391,295,72,141,165,72
1643,109,262,384,288,70,139,163,70
1644,109,263,380,286,70,136,163,70
1645,109,302,375,282,70,130,163,70
1646,109,306,389,293,72,138,165,72
1647,109,317,385,288,70,138,165,70
1648,109,325,382,289,72,132,165,72
1649,109,334,377,282,68,137,162,68
1650,109,335,377,282,68,136,162,68
1651,109,336,383,291,70,139,163,70
1652,109,337,379,282,68,138,162,68
1653,109,342,379,283,68,139,162,68
1654,109,345,382,288,70,138,163,70
1655,109,346,386,294,72,136,165,72
1656,109,351,379,282,68,139,162,68
1657,109,353,380,285,68,139,162,68
1658,109,354,385,291,72,135,165,72
1659,109,365,381,289,70,137,163,70
1660,109,380,376,282,70,133,163,70
1661,109,383,379,281,68,138,162,68
1662,109,404,381,282,68,140,162,68
1663,109,406,375,279,68,135,162,68
1664,109,411,373,278,68,133,162,68
1665,109,416,379,286,70,136,163,70
1666,109,419,375,283,70,132,163,70
1667,109,420,385,292,70,140,163,70
1668,109,421,378,281,68,138,162,68
1669,109,424,378,285,70,134,163,70
1670,109,425,378,283,68,137,162,68
1671,109,426,378,284,70,134,163,70
1672,109,428,371,278,70,128,163,70
1673,109,435,379,286,70,136,163,70
1674,113,114,376,288,70,134,163,70
1675,113,115,374,285,68,135,162,68
1676,113,117,373,282,68,135,162,68
1677,113,165,377,289,70,134,163,70
1678,113,166,380,289,70,136,165,70
1679,113,198,386,296,72,139,165,72
1680,113,199,376,287,70,133,165,70
1681,113,233,378,291,70,135,163,70
1682,113,234,378,289,70,136,163,70
1683,113,240,376,283,68,137,162,68
1684,113,241,375,287,68,136,162,68
1685,113,249,389,298,72,143,165,72
1686,113,251,377,286,68,138,162,68
1687,113,252,374,285,70,131,165,70
1688,113,254,372,283,68,134,162,68
1689,113,256,386,296,72,141,165,72
1690,113,261,377,288,70,135,163,70
1691,113,262,381,291,70,138,163,70
1692,113,263,375,287,70,133,163,70
1693,113,302,381,290,69,137,167,69
1694,113,306,373,283,68,135,162,68
1695,113,317,386,295,72,140,165,72
1696,113,325,374,283,70,131,165,70
1697,113,334,384,295,72,138,165,72
1698,113,335,375,287,70,132,163,70
1699,113,336,378,292,70,136,163,70
1700,113,337,380,288,70,136,165,70
1701,113,342,374,284,68,136,162,68
1702,113,345,375,284,68,137,162,68
1703,113,346,381,291,70,138,163,70
1704,113,351,388,298,72,142,165,72
1705,113,353,375,286,68,136,162,68
1706,113,354,379,291,70,137,163,70
1707,113,365,376,290,70,134,163,70
1708,113,380,373,285,70,132,163,70
1709,113,383,376,284,68,137,162,68
1710,113,404,375,286,70,133,163,70
1711,113,406,374,287,70,132,163,70
1712,113,411,376,286,70,133,165,70
1713,113,416,374,287,70,133,163,70
1714,113,419,373,284,68,135,162,68
1715,113,420,387,299,72,141,165,72
1716,113,421,373,282,68,135,162,68
1717,113,424,373,286,70,131,163,70
1718,113,425,382,293,72,137,165,72
1719,113,426,374,282,68,136,162,68
1720,113,428,370,280,68,132,162,68
1721,113,435,382,290,70,139,165,70
1722,114,115,378,287,68,138,162,68
1723,114,117,377,285,70,135,163,70
1724,114,165,389,293,72,140,165,72
1725,114,166,388,293,72,140,165,72
1726,114,198,387,294,72,138,165,72
1727,114,199,382,289,70,137,165,70
1728,114,233,379,289,68,139,162,68
1729,114,234,389,293,72,141,165,72
1730,114,240,379,288,70,136,163,70
1731,114,241,385,294,70,139,165,70
1732,114,249,390,296,72,142,165,72
1733,114,251,387,295,72,138,165,72
1734,114,252,382,290,72,134,165,72
1735,114,254,387,296,72,137,167,72
1736,114,256,380,286,68,140,162,68
1737,114,261,381,286,68,142,162,68
1738,114,262,385,293,70,141,163,70
1739,114,263,380,286,68,140,162,68
1740,114,302,377,282,68,137,162,68
1741,114,306,380,289,70,137,163,70
1742,114,317,379,285,68,139,162,68
1743,114,325,376,283,70,131,165,70
1744,114,334,385,293,72,137,165,72
1745,114,335,379,289,70,135,163,70
1746,114,336,384,294,70,141,163,70
1747,114,337,386,291,72,138,165,72
1748,114,342,385,294,72,137,165,72
1749,114,345,379,286,68,140,162,68
1750,114,346,387,295,72,139,165,72
1751,114,351,381,289,70,138,163,70
1752,114,353,381,290,70,138,163,70
1753,114,354,383,289,68,143,162,68
1754,114,365,380,288,68,141,162,68
1755,114,380,384,290,72,136,165,72
1756,114,383,383,289,72,135,165,72
1757,114,404,380,285,68,140,162,68
1758,114,406,374,282,68,135,162,68
1759,114,411,374,281,68,135,162,68
1760,114,416,379,285,68,140,162,68
1761,114,419,385,293,72,138,165,72
1762,114,420,386,295,72,138,165,72
1763,114,421,379,284,68,140,162,68
1764,114,424,385,293,72,137,165,72
1765,114,425,383,291,70,137,165,70
1766,114,426,379,287,70,136,163,70
1767,114,428,376,282,68,137,162,68
1768,114,435,380,285,68,141,162,68
1769,115,117,381,290,72,134,164,72
1770,115,165,372,281,70,128,161,70
1771,115,166,371,278,68,131,160,68
1772,115,198,373,279,68,134,160,68
1773,115,199,377,289,72,130,164,72
1774,115,233,377,287,70,133,161,70
1775,115,234,387,293,72,140,164,72
1776,115,240,372,280,70,129,161,70
1777,115,241,382,292,72,135,164,72
1778,115,249,376,284,70,132,161,70
1779,115,251,374,280,68,134,160,68
1780,115,252,378,288,72,131,164,72
1781,115,254,380,291,72,133,164,72
1782,115,256,383,292,72,137,164,72
1783,115,261,388,294,72,141,164,72
1784,115,262,378,285,70,134,161,70
1785,115,263,372,281,70,129,161,70
1786,115,302,369,279,70,125,161,70
1787,115,306,373,283,70,130,161,70
1788,115,317,374,279,68,134,160,68
1789,115,325,376,282,70,129,165,70
1790,115,334,381,291,72,134,164,72
1791,115,335,371,279,68,131,160,68
1792,115,336,385,296,72,138,164,72
1793,115,337,384,291,72,137,164,72
1794,115,342,383,294,72,136,164,72
1795,115,345,384,293,72,137,164,72
1796,115,346,383,293,72,136,164,72
1797,115,351,373,279,68,134,160,68
1798,115,353,374,284,70,131,161,70
1799,115,354,384,292,72,137,164,72
1800,115,365,371,280,68,132,160,68
1801,115,380,370,275,68,131,160,68
1802,115,383,371,276,68,131,160,68
1803,115,404,375,279,68,135,160,68
1804,115,406,369,276,68,130,160,68
1805,115,411,364,275,70,122,161,70
1806,115,416,371,281,70,129,161,70
1807,115,419,370,278,68,131,160,68
1808,115,420,375,282,68,135,160,68
1809,115,421,370,276,68,131,160,68
1810,115,424,371,277,68,132,160,68
1811,115,425,370,278,68,130,160,68
1812,115,426,369,274,68,130,160,68
1813,115,428,367,274,68,128,160,68
1814,115,435,384,289,70,137,165,70
1815,117,165,377,281,68,137,160,68
1816,117,166,384,286,68,140,164,68
1817,117,198,376,281,68,137,160,68
1818,117,199,370,278,68,131,160,68
1819,117,233,373,283,68,133,160,68
1820,117,234,375,283,68,135,160,68
1821,117,240,373,282,70,130,161,70
1822,117,241,375,286,70,132,161,70
1823,117,249,377,286,70,133,161,70
1824,117,251,375,282,68,135,160,68
1825,117,252,378,287,72,131,165,72
1826,117,254,374,281,68,135,160,68
1827,117,256,376,282,68,136,160,68
1828,117,261,377,284,70,134,161,70
1829,117,262,377,282,68,137,160,68
1830,117,263,373,283,70,130,161,70
1831,117,302,372,281,70,128,161,70
1832,117,306,373,279,68,134,160,68
1833,117,317,383,290,72,136,165,72
1834,117,325,366,274,68,127,160,68
1835,117,334,372,279,68,133,160,68
1836,117,335,375,285,70,131,161,70
1837,117,336,377,284,68,138,160,68
1838,117,337,371,282,70,128,161,70
1839,117,342,383,293,72,136,165,72
1840,117,345,384,292,72,137,165,72
1841,117,346,374,279,68,134,160,68
1842,117,351,377,285,70,134,161,70
1843,117,353,382,289,70,136,165,70
1844,117,354,377,287,70,134,161,70
1845,117,365,376,286,70,133,161,70
1846,117,380,380,284,70,135,165,70
1847,117,383,370,280,70,127,161,70
1848,117,404,373,282,70,130,161,70
1849,117,406,370,278,68,131,160,68
1850,117,411,369,279,70,127,161,70
1851,117,416,374,283,70,132,161,70
1852,117,419,372,282,70,130,161,70
1853,117,420,380,289,70,136,161,70
1854,117,421,374,283,70,131,161,70
1855,117,424,375,284,70,132,161,70
1856,117,425,374,284,70,131,161,70
1857,117,426,372,276,68,133,160,68
1858,117,428,368,277,70,126,161,70
1859,117,435,374,279,68,135,160,68
1860,165,166,378,287,70,134,163,70
1861,165,198,377,286,70,134,163,70
1862,165,199,375,284,70,130,165,70
1863,165,233,378,289,70,134,163,70
1864,165,234,377,285,68,137,162,68
1865,165,240,378,283,68,138,162,68
1866,165,241,382,292,72,133,165,72
1867,165,249,375,284,68,135,162,68
1868,165,251,379,289,70,135,163,70
1869,165,252,368,278,68,129,162,68
1870,165,254,373,284,70,131,163,70
1871,165,256,376,282,68,136,162,68
1872,165,261,377,282,68,138,162,68
1873,165,262,383,292,72,134,165,72
1874,165,263,379,288,72,131,165,72
1875,165,302,375,280,68,135,162,68
1876,165,306,378,285,70,133,165,70
1877,165,317,380,287,70,134,165,70
1878,165,325,370,281,70,128,163,70
1879,165,334,374,281,68,135,162,68
1880,165,335,375,285,70,131,163,70
1881,165,336,380,290,70,137,163,70
1882,165,337,377,285,70,131,165,70
1883,165,342,379,288,70,136,163,70
1884,165,345,382,291,72,133,165,72
1885,165,346,381,289,70,137,163,70
1886,165,351,381,290,72,132,165,72
1887,165,353,379,288,70,136,163,70
1888,165,354,379,289,70,136,163,70
1889,165,365,376,284,68,137,162,68
1890,165,380,375,283,70,133,163,70
1891,165,383,377,284,70,131,165,70
1892,165,404,378,283,68,138,162,68
1893,165,406,372,280,68,133,162,68
1894,165,411,372,279,68,133,162,68
1895,165,416,383,289,72,134,165,72
1896,165,419,375,282,68,136,162,68
1897,165,420,380,286,68,140,162,68
1898,165,421,378,287,70,135,163,70
1899,165,424,375,284,70,132,163,70
1900,165,425,376,286,70,130,165,70
1901,165,426,374,278,68,135,162,68
1902,165,428,372,278,68,133,162,68
1903,165,435,376,281,68,137,162,68
1904,166,198,373,277,68,134,160,68
1905,166,199,367,277,70,124,161,70
1906,166,233,383,293,72,136,164,72
1907,166,234,376,281,68,136,160,68
1908,166,240,374,280,70,131,161,70
1909,166,241,374,281,68,134,160,68
1910,166,249,384,291,72,137,164,72
1911,166,251,376,283,70,132,161,70
1912,166,252,366,275,70,124,161,70
1913,166,254,370,280,70,128,161,70
1914,166,256,388,290,70,141,165,70
1915,166,261,372,276,68,133,160,68
1916,166,262,378,283,70,134,161,70
1917,166,263,374,281,70,131,161,70
1918,166,302,371,279,70,127,161,70
1919,166,306,375,283,70,132,161,70
1920,166,317,384,290,72,137,164,72
1921,166,325,367,275,70,125,161,70
1922,166,334,372,281,70,129,161,70
1923,166,335,382,290,72,135,164,72
1924,166,336,375,284,70,132,161,70
1925,166,337,383,288,72,136,164,72
1926,166,342,381,291,72,134,164,72
1927,166,345,376,283,70,133,161,70
1928,166,346,383,292,72,136,164,72
1929,166,351,383,291,72,136,164,72
1930,166,353,385,292,72,138,164,72
1931,166,354,385,291,72,138,164,72
1932,166,365,382,291,72,135,164,72
1933,166,380,372,275,68,133,160,68
1934,166,383,371,278,70,128,161,70
1935,166,404,383,288,72,136,164,72
1936,166,406,371,279,70,128,161,70
1937,166,411,369,278,70,126,162,70
1938,166,416,386,290,72,139,164,72
1939,166,419,372,278,68,133,160,68
1940,166,420,377,285,70,133,161,70
1941,166,421,372,276,68,133,160,68
1942,166,424,371,275,68,132,160,68
1943,166,425,372,278,68,132,160,68
1944,166,426,371,274,68,132,160,68
1945,166,428,367,275,70,125,161,70
1946,166,435,373,277,68,134,160,68
1947,198,199,364,276,68,127,160,68
1948,198,233,369,281,68,131,160,68
1949,198,234,373,283,68,135,160,68
1950,198,240,371,282,70,130,161,70
1951,198,241,387,294,72,139,165,72
1952,198,249,373,284,70,131,161,70
1953,198,251,371,280,68,133,160,68
1954,198,252,363,277,70,123,161,70
1955,198,254,365,280,70,125,161,70
1956,198,256,382,288,70,137,165,70
1957,198,261,393,296,72,145,165,72
1958,198,262,390,296,72,142,165,72
1959,198,263,372,280,68,134,160,68
1960,198,302,384,290,72,136,165,72
1961,198,306,370,283,70,129,161,70
1962,198,317,371,279,68,133,160,68
1963,198,325,362,272,68,125,160,68
1964,198,334,368,279,68,131,160,68
1965,198,335,369,281,70,127,161,70
1966,198,336,371,282,68,134,160,68
1967,198,337,368,277,68,130,160,68
1968,198,342,369,282,70,128,161,70
1969,198,345,369,278,68,132,160,68
1970,198,346,372,279,68,134,160,68
1971,198,351,388,294,72,140,165,72
1972,198,353,369,280,68,131,160,68
1973,198,354,373,285,70,132,161,70
1974,198,365,370,284,70,129,161,70
1975,198,380,367,275,68,130,160,68
1976,198,383,368,280,70,127,161,70
1977,198,404,369,280,70,128,161,70
1978,198,406,364,274,68,127,160,68
1979,198,411,504,319,104,159,233,104
1980,198,416,379,287,70,135,165,70
1981,198,419,367,278,68,130,160,68
1982,198,420,389,297,72,141,165,72
1983,198,421,367,276,68,130,160,68
1984,198,424,368,277,68,131,160,68
1985,198,425,367,278,68,129,160,68
1986,198,426,369,281,70,128,161,70
1987,198,428,364,274,68,127,160,68
1988,198,435,368,281,70,128,161,70
1989,199,233,375,282,68,135,162,68
1990,199,234,378,284,70,135,163,70
1991,199,240,375,281,70,132,163,70
1992,199,241,377,285,70,134,163,70
1993,199,249,383,291,72,136,165,72
1994,199,251,382,286,70,137,165,70
1995,199,252,368,275,68,129,162,68
1996,199,254,372,278,68,133,162,68
1997,199,256,376,279,68,136,162,68
1998,199,261,375,279,68,136,162,68
1999,199,262,382,291,72,135,165,72
2000,199,263,376,279,68,136,162,68
2001,199,302,373,277,68,133,162,68
2002,199,306,383,289,72,135,165,72
2003,199,317,382,285,70,137,165,70
2004,199,325,366,271,68,127,162,68
2005,199,334,378,288,72,131,165,72
2006,199,335,372,278,68,132,162,68
2007,199,336,380,291,72,133,165,72
2008,199,337,373,281,70,130,163,70
2009,199,342,375,283,70,132,163,70
2010,199,345,375,282,70,132,163,70
2011,199,346,381,283,70,136,165,70
2012,199,351,375,282,70,132,163,70
2013,199,353,373,279,68,133,162,68
2014,199,354,379,282,68,139,162,68
2015,199,365,372,279,68,133,162,68
2016,199,380,373,280,70,131,163,70
2017,199,383,376,284,72,129,165,72
2018,199,404,376,278,68,136,162,68
2019,199,406,372,280,70,129,163,70
2020,199,411,367,276,70,125,163,70
2021,199,416,382,288,72,135,165,72
2022,199,419,378,284,70,134,165,70
2023,199,420,376,281,68,136,162,68
2024,199,421,377,289,72,130,165,72
2025,199,424,378,288,72,131,165,72
2026,199,425,373,279,68,133,162,68
2027,199,426,372,275,68,133,162,68
2028,199,428,372,283,72,125,165,72
2029,199,435,379,283,70,135,165,70
2030,233,234,390,295,72,142,165,72
2031,233,240,389,296,72,142,165,72
2032,233,241,387,296,72,139,165,72
2033,233,249,381,290,70,138,161,70
2034,233,251,388,297,72,139,165,72
2035,233,252,370,280,68,132,160,68
2036,233,254,377,288,70,136,161,70
2037,233,256,380,286,68,141,160,68
2038,233,261,381,288,70,139,161,70
2039,233,262,381,286,68,142,160,68
2040,233,263,378,284,68,139,160,68
2041,233,302,382,287,70,138,163,70
2042,233,306,380,289,70,138,161,70
2043,233,317,378,288,70,136,161,70
2044,233,325,375,283,70,132,163,70
2045,233,334,388,297,72,140,165,72
2046,233,335,379,289,70,136,161,70
2047,233,336,381,288,68,143,160,68
2048,233,337,387,293,72,139,165,72
2049,233,342,380,286,68,142,160,68
2050,233,345,377,284,68,139,160,68
2051,233,346,385,290,70,141,163,70
2052,233,351,388,296,72,140,165,72
2053,233,353,379,286,68,140,160,68
2054,233,354,381,287,68,142,160,68
2055,233,365,380,290,70,138,161,70
2056,233,380,377,281,68,139,160,68
2057,233,383,376,286,70,134,161,70
2058,233,404,380,285,68,141,160,68
2059,233,406,382,292,72,134,165,72
2060,233,411,374,281,68,136,160,68
2061,233,416,379,285,68,141,160,68
2062,233,419,386,295,72,139,165,72
2063,233,420,389,299,72,141,165,72
2064,233,421,377,282,68,139,160,68
2065,233,424,378,283,68,140,160,68
2066,233,425,378,288,70,136,161,70
2067,233,426,378,282,68,140,160,68
2068,233,428,372,281,70,131,161,70
2069,233,435,380,289,70,139,161,70
2070,234,240,376,285,70,133,163,70
2071,234,241,383,296,72,137,165,72
2072,234,249,376,285,68,136,162,68
2073,234,251,380,290,70,136,163,70
2074,234,252,370,282,70,128,163,70
2075,234,254,375,284,68,136,162,68
2076,234,256,378,288,70,135,163,70
2077,234,261,376,283,68,137,162,68
2078,234,262,384,290,70,139,165,70
2079,234,263,381,294,72,136,165,72
2080,234,302,374,281,68,134,162,68
2081,234,306,378,287,70,134,165,70
2082,234,317,377,287,70,134,163,70
2083,234,325,380,292,72,134,165,72
2084,234,334,374,286,70,131,163,70
2085,234,335,375,284,68,135,162,68
2086,234,336,378,287,68,139,162,68
2087,234,337,375,282,68,135,162,68
2088,234,342,377,285,68,138,162,68
2089,234,345,378,288,70,135,163,70
2090,234,346,377,282,68,137,162,68
2091,234,351,376,286,70,133,163,70
2092,234,353,378,289,70,135,163,70
2093,234,354,385,296,72,139,165,72
2094,234,365,375,285,68,136,162,68
2095,234,380,383,294,72,137,165,72
2096,234,383,373,283,70,130,163,70
2097,234,404,383,293,72,137,165,72
2098,234,406,379,294,72,133,165,72
2099,234,411,370,282,70,128,163,70
2100,234,416,386,295,72,140,165,72
2101,234,419,373,285,70,131,163,70
2102,234,420,379,287,68,139,162,68
2103,234,421,382,298,72,136,165,72
2104,234,424,381,295,72,135,165,72
2105,234,425,381,295,72,136,165,72
2106,234,426,374,284,70,131,163,70
2107,234,428,371,279,68,132,162,68
2108,234,435,379,287,70,135,165,70
2109,240,241,380,290,70,137,163,70
2110,240,249,376,284,68,136,162,68
2111,240,251,382,293,72,134,165,72
2112,240,252,369,278,68,130,162,68
2113,240,254,372,284,70,130,163,70
2114,240,256,378,287,70,135,163,70
2115,240,261,387,294,72,140,165,72
2116,240,262,382,289,70,138,163,70
2117,240,263,378,287,70,135,163,70
2118,240,302,374,280,68,134,162,68
2119,240,306,377,287,70,134,163,70
2120,240,317,382,288,70,137,165,70
2121,240,325,378,288,72,131,165,72
2122,240,334,374,285,70,131,163,70
2123,240,335,376,285,70,132,163,70
2124,240,336,378,286,68,139,162,68
2125,240,337,377,283,68,137,162,68
2126,240,342,382,294,72,135,165,72
2127,240,345,378,287,70,135,163,70
2128,240,346,379,283,68,139,162,68
2129,240,351,376,285,70,133,163,70
2130,240,353,378,288,70,135,163,70
2131,240,354,380,285,68,140,162,68
2132,240,365,375,284,68,136,162,68
2133,240,380,374,279,68,135,162,68
2134,240,383,381,287,70,136,165,70
2135,240,404,376,284,70,133,163,70
2136,240,406,378,290,72,131,165,72
2137,240,411,371,279,68,132,162,68
2138,240,416,375,285,70,133,163,70
2139,240,419,374,282,68,135,162,68
2140,240,420,383,295,72,136,165,72
2141,240,421,379,292,72,132,165,72
2142,240,424,375,281,68,136,162,68
2143,240,425,378,289,72,132,165,72
2144,240,426,379,285,70,135,165,70
2145,240,428,375,283,70,131,165,70
2146,240,435,377,287,70,135,163,70
2147,241,249,391,296,72,142,165,72
2148,241,251,381,287,70,137,161,70
2149,241,252,370,276,68,131,160,68
2150,241,254,375,284,70,133,161,70
2151,241,256,378,280,68,138,160,68
2152,241,261,393,296,72,144,165,72
2153,241,262,381,282,68,141,160,68
2154,241,263,377,283,70,134,161,70
2155,241,302,384,290,72,135,165,72
2156,241,306,391,294,72,141,165,72
2157,241,317,388,293,72,139,165,72
2158,241,325,370,274,68,131,160,68
2159,241,334,376,281,68,137,160,68
2160,241,335,376,281,68,136,160,68
2161,241,336,379,284,68,140,160,68
2162,241,337,375,282,70,132,161,70
2163,241,342,378,282,68,139,160,68
2164,241,345,379,285,70,136,161,70
2165,241,346,380,281,68,140,160,68
2166,241,351,377,283,70,134,161,70
2167,241,353,379,286,70,136,161,70
2168,241,354,381,283,68,141,160,68
2169,241,365,384,290,70,139,165,70
2170,241,380,375,277,68,136,160,68
2171,241,383,386,291,72,137,165,72
2172,241,404,380,281,68,140,160,68
2173,241,406,374,278,68,135,160,68
2174,241,411,370,275,68,131,160,68
2175,241,416,390,293,72,141,165,72
2176,241,419,375,280,68,136,160,68
2177,241,420,382,289,70,138,161,70
2178,241,421,376,283,70,133,161,70
2179,241,424,374,277,68,135,160,68
2180,241,425,377,282,68,137,160,68
2181,241,426,377,283,70,134,161,70
2182,241,428,380,288,72,131,165,72
2183,241,435,384,287,70,139,165,70
2184,249,251,384,291,70,140,163,70
2185,249,252,375,282,68,136,162,68
2186,249,254,378,288,70,136,163,70
2187,249,256,383,286,68,143,162,68
2188,249,261,383,288,70,139,165,70
2189,249,262,386,288,68,146,162,68
2190,249,263,383,286,68,143,162,68
2191,249,302,379,287,70,135,163,70
2192,249,306,380,285,68,141,162,68
2193,249,317,386,294,72,139,165,72
2194,249,325,373,278,68,134,162,68
2195,249,334,379,285,68,140,162,68
2196,249,335,382,289,70,138,163,70
2197,249,336,383,292,70,140,163,70
2198,249,337,384,289,70,139,165,70
2199,249,342,382,290,70,139,163,70
2200,249,345,383,288,70,139,165,70
2201,249,346,386,291,70,142,163,70
2202,249,351,382,289,70,139,163,70
2203,249,353,385,294,72,138,165,72
2204,249,354,386,293,70,143,163,70
2205,249,365,379,286,68,140,162,68
2206,249,380,378,285,70,136,163,70
2207,249,383,379,286,70,136,163,70
2208,249,404,385,292,72,138,165,72
2209,249,406,377,282,68,138,162,68
2210,249,411,374,283,70,132,163,70
2211,249,416,386,292,72,139,165,72
2212,249,419,378,284,68,139,162,68
2213,249,420,386,292,70,141,165,70
2214,249,421,383,295,72,136,165,72
2215,249,424,380,288,70,137,163,70
2216,249,425,380,286,68,140,162,68
2217,249,426,382,286,70,138,165,70
2218,249,428,378,289,72,131,165,72
2219,249,435,386,294,72,139,165,72
2220,251,252,377,287,72,131,162,72
2221,251,254,366,279,70,128,156,70
2222,251,256,371,277,68,135,155,68
2223,251,261,384,291,72,138,162,72
2224,251,262,382,291,72,136,162,72
2225,251,263,371,277,68,135,155,68
2226,251,302,366,273,68,130,155,68
2227,251,306,383,289,72,136,162,72
2228,251,317,372,278,68,136,155,68
2229,251,325,362,271,68,127,155,68
2230,251,334,368,280,70,129,156,70
2231,251,335,367,276,68,131,155,68
2232,251,336,373,285,70,134,156,70
2233,251,337,369,276,68,133,155,68
2234,251,342,377,285,70,135,160,70
2235,251,345,377,283,70,135,160,70
2236,251,346,370,276,68,134,155,68
2237,251,351,381,291,72,135,162,72
2238,251,353,369,279,68,133,155,68
2239,251,354,372,278,68,136,155,68
2240,251,365,383,293,72,137,162,72
2241,251,380,368,274,68,133,155,68
2242,251,383,378,286,72,132,162,72
2243,251,404,369,279,70,130,156,70
2244,251,406,367,278,70,128,156,70
2245,251,411,363,272,68,128,155,68
2246,251,416,368,276,68,133,155,68
2247,251,419,380,290,72,135,162,72
2248,251,420,372,284,70,132,156,70
2249,251,421,368,275,68,133,155,68
2250,251,424,367,279,70,128,156,70
2251,251,425,385,291,72,137,165,72
2252,251,426,367,273,68,132,155,68
2253,251,428,363,271,68,128,155,68
2254,251,435,368,276,68,133,155,68
2255,252,254,376,288,72,129,165,72
2256,252,256,379,283,70,133,165,70
2257,252,261,378,283,70,133,165,70
2258,252,262,380,283,70,134,165,70
2259,252,263,375,279,68,135,162,68
2260,252,302,376,287,72,129,165,72
2261,252,306,370,276,68,131,162,68
2262,252,317,376,280,68,136,162,68
2263,252,325,369,278,70,127,163,70
2264,252,334,375,282,70,130,165,70
2265,252,335,379,290,72,132,165,72
2266,252,336,376,283,68,137,162,68
2267,252,337,372,281,70,129,163,70
2268,252,342,374,283,70,131,163,70
2269,252,345,374,279,68,135,162,68
2270,252,346,375,278,68,135,162,68
2271,252,351,374,282,70,131,163,70
2272,252,353,378,285,70,132,165,70
2273,252,354,376,284,70,133,163,70
2274,252,365,371,279,68,132,162,68
2275,252,380,372,276,68,133,162,68
2276,252,383,373,277,68,133,162,68
2277,252,404,375,278,68,135,162,68
2278,252,406,371,280,70,128,163,70
2279,252,411,367,274,68,128,162,68
2280,252,416,376,282,70,131,165,70
2281,252,419,376,288,72,130,165,72
2282,252,420,377,286,70,133,163,70
2283,252,421,373,282,70,130,163,70
2284,252,424,375,280,70,130,165,70
2285,252,425,372,279,68,132,162,68
2286,252,426,372,280,70,129,163,70
2287,252,428,371,283,72,124,165,72
2288,252,435,373,278,68,134,162,68
2289,254,256,382,285,68,141,162,68
2290,254,261,379,283,68,139,162,68
2291,254,262,385,290,70,140,163,70
2292,254,263,379,286,70,135,163,70
2293,254,302,376,284,70,131,163,70
2294,254,306,380,288,70,136,163,70
2295,254,317,380,287,70,136,163,70
2296,254,325,382,289,72,134,165,72
2297,254,334,383,292,72,135,165,72
2298,254,335,378,284,68,137,162,68
2299,254,336,387,297,72,139,165,72
2300,254,337,380,284,68,139,162,68
2301,254,342,380,285,68,140,162,68
2302,254,345,381,288,70,137,163,70
2303,254,346,380,282,68,139,162,68
2304,254,351,387,295,72,139,165,72
2305,254,353,379,285,68,138,162,68
2306,254,354,383,290,70,139,163,70
2307,254,365,378,285,68,138,162,68
2308,254,380,377,284,70,134,163,70
2309,254,383,384,290,72,136,165,72
2310,254,404,382,284,68,141,162,68
2311,254,406,381,291,72,133,165,72
2312,254,411,380,288,72,133,165,72
2313,254,416,379,284,68,139,162,68
2314,254,419,376,285,70,133,163,70
2315,254,420,386,296,72,138,165,72
2316,254,421,379,283,68,139,162,68
2317,254,424,385,287,70,140,165,70
2318,254,425,378,285,70,134,163,70
2319,254,426,379,286,70,135,163,70
2320,254,428,381,284,70,136,165,70
2321,254,435,380,284,68,140,162,68
2322,256,261,381,287,70,137,163,70
2323,256,262,383,285,68,142,162,68
2324,256,263,382,285,68,141,162,68
2325,256,302,382,289,72,134,165,72
2326,256,306,377,282,68,137,162,68
2327,256,317,380,287,70,136,163,70
2328,256,325,374,282,70,131,163,70
2329,256,334,381,283,68,139,164,68
2330,256,335,509,323,104,163,233,104
2331,256,336,382,291,70,138,163,70
2332,256,337,377,285,70,133,163,70
2333,256,342,379,287,70,135,163,70
2334,256,345,379,283,68,139,162,68
2335,256,346,382,284,68,141,162,68
2336,256,351,386,293,72,138,165,72
2337,256,353,379,285,68,138,162,68
2338,256,354,383,290,70,139,163,70
2339,256,365,380,289,70,136,163,70
2340,256,380,382,285,70,137,165,70
2341,256,383,376,283,70,132,163,70
2342,256,404,384,286,70,138,165,70
2343,256,406,376,281,68,136,162,68
2344,256,411,373,282,70,130,163,70
2345,256,416,378,286,70,135,163,70
2346,256,419,376,285,70,133,163,70
2347,256,420,384,292,70,139,163,70
2348,256,421,377,281,68,137,162,68
2349,256,424,384,292,72,136,165,72
2350,256,425,384,290,70,138,165,70
2351,256,426,379,286,70,135,163,70
2352,256,428,379,284,70,134,165,70
2353,256,435,383,287,70,138,165,70
2354,261,262,378,282,68,141,158,68
2355,261,263,375,280,68,138,158,68
2356,261,302,372,278,68,135,158,68
2357,261,306,391,296,72,142,165,72
2358,261,317,376,281,68,139,158,68
2359,261,325,367,274,68,131,158,68
2360,261,334,386,295,72,138,165,72
2361,261,335,374,283,70,133,159,70
2362,261,336,388,298,72,140,165,72
2363,261,337,373,279,68,136,158,68
2364,261,342,374,284,70,134,159,70
2365,261,345,376,285,70,136,159,70
2366,261,346,378,285,70,137,159,70
2367,261,351,373,279,68,137,158,68
2368,261,353,389,297,72,141,165,72
2369,261,354,376,285,70,136,159,70
2370,261,365,389,298,72,141,165,72
2371,261,380,370,275,68,134,158,68
2372,261,383,384,291,72,136,165,72
2373,261,404,374,282,70,134,159,70
2374,261,406,371,281,70,131,159,70
2375,261,411,367,275,68,131,158,68
2376,261,416,373,283,70,134,159,70
2377,261,419,372,280,68,136,158,68
2378,261,420,383,289,70,140,161,70
2379,261,421,372,278,68,136,158,68
2380,261,424,371,277,68,135,158,68
2381,261,425,384,293,72,137,165,72
2382,261,426,371,276,68,135,158,68
2383,261,428,367,274,68,131,158,68
2384,261,435,373,279,68,137,158,68
2385,262,263,385,294,72,138,165,72
2386,262,302,377,282,68,137,162,68
2387,262,306,377,283,68,138,162,68
2388,262,317,381,287,68,141,162,68
2389,262,325,374,285,70,132,163,70
2390,262,334,379,289,70,136,163,70
2391,262,335,381,290,70,135,165,70
2392,262,336,384,294,70,141,163,70
2393,262,337,377,288,70,134,163,70
2394,262,342,380,286,68,141,162,68
2395,262,345,388,297,72,140,165,72
2396,262,346,383,291,70,139,163,70
2397,262,351,380,285,68,141,162,68
2398,262,353,383,292,70,140,163,70
2399,262,354,381,287,68,141,162,68
2400,262,365,378,286,68,139,162,68
2401,262,380,379,287,70,137,163,70
2402,262,383,378,284,68,138,162,68
2403,262,404,386,293,72,138,165,72
2404,262,406,374,282,68,135,162,68
2405,262,411,373,283,70,131,163,70
2406,262,416,386,292,70,141,165,70
2407,262,419,378,288,70,136,163,70
2408,262,420,387,293,70,141,165,70
2409,262,421,384,296,72,136,165,72
2410,262,424,379,288,70,136,163,70
2411,262,425,382,291,70,136,165,70
2412,262,426,378,282,68,139,162,68
2413,262,428,376,282,68,137,162,68
2414,262,435,385,290,70,140,165,70
2415,263,302,377,281,68,136,162,68
2416,263,306,382,287,70,136,165,70
2417,263,317,381,284,68,140,162,68
2418,263,325,372,277,68,132,162,68
2419,263,334,379,288,70,135,163,70
2420,263,335,376,282,68,135,162,68
2421,263,336,382,291,70,138,163,70
2422,263,337,379,287,70,135,163,70
2423,263,342,385,290,70,139,165,70
2424,263,345,379,283,68,139,162,68
2425,263,346,385,290,70,140,163,70
2426,263,351,378,282,68,138,162,68
2427,263,353,381,289,70,137,163,70
2428,263,354,383,286,68,142,162,68
2429,263,365,380,289,70,136,163,70
2430,263,380,383,291,72,134,165,72
2431,263,383,380,283,68,139,162,68
2432,263,404,380,282,68,139,162,68
2433,263,406,374,279,68,134,162,68
2434,263,411,371,280,70,128,163,70
2435,263,416,386,292,72,137,165,72
2436,263,419,377,283,68,137,162,68
2437,263,420,382,287,68,141,162,68
2438,263,421,381,293,72,132,165,72
2439,263,424,376,280,68,136,162,68
2440,263,425,378,285,70,134,163,70
2441,263,426,378,281,68,138,162,68
2442,263,428,374,279,68,134,162,68
2443,263,435,380,288,70,137,163,70
2444,302,306,372,277,68,132,162,68
2445,302,317,378,281,68,137,162,68
2446,302,325,371,277,70,125,165,70
2447,302,334,377,284,70,131,165,70
2448,302,335,376,283,70,131,163,70
2449,302,336,384,294,72,135,165,72
2450,302,337,374,282,70,130,163,70
2451,302,342,376,284,70,132,163,70
2452,302,345,381,289,72,132,165,72
2453,302,346,380,285,70,135,163,70
2454,302,351,376,283,70,132,163,70
2455,302,353,381,289,72,132,165,72
2456,302,354,380,283,68,139,162,68
2457,302,365,375,284,70,131,163,70
2458,302,380,374,281,70,131,163,70
2459,302,383,373,280,70,129,163,70
2460,302,404,381,287,72,132,165,72
2461,302,406,373,281,70,129,163,70
2462,302,411,377,285,72,129,165,72
2463,302,416,375,283,70,132,163,70
2464,302,419,373,282,70,130,163,70
2465,302,420,379,287,70,134,163,70
2466,302,421,374,278,68,134,162,68
2467,302,424,374,282,70,130,163,70
2468,302,425,375,282,70,131,163,70
2469,302,426,374,281,70,130,163,70
2470,302,428,371,276,68,131,162,68
2471,302,435,375,279,68,135,162,68
2472,306,317,377,284,68,137,162,68
2473,306,325,366,275,68,127,162,68
2474,306,334,374,282,68,135,162,68
2475,306,335,372,282,68,132,162,68
2476,306,336,380,291,70,137,163,70
2477,306,337,381,289,70,135,165,70
2478,306,342,376,283,68,137,162,68
2479,306,345,373,281,68,134,162,68
2480,306,346,376,282,68,136,162,68
2481,306,351,377,286,70,134,163,70
2482,306,353,387,294,72,137,165,72
2483,306,354,377,284,68,137,162,68
2484,306,365,374,283,68,135,162,68
2485,306,380,385,291,72,135,165,72
2486,306,383,384,290,72,134,165,72
2487,306,404,376,282,68,136,162,68
2488,306,406,372,284,70,129,163,70
2489,306,411,383,290,72,134,165,72
2490,306,416,374,284,70,132,163,70
2491,306,419,373,281,68,134,162,68
2492,306,420,380,287,68,140,162,68
2493,306,421,375,281,68,136,162,68
2494,306,424,375,285,70,132,163,70
2495,306,425,373,283,68,133,162,68
2496,306,426,374,279,68,135,162,68
2497,306,428,370,277,68,131,162,68
2498,306,435,383,289,70,138,165,70
2499,317,325,371,278,68,132,162,68
2500,317,334,379,285,68,140,162,68
2501,317,335,382,290,70,136,165,70
2502,317,336,382,288,68,143,162,68
2503,317,337,379,285,68,139,162,68
2504,317,342,386,294,72,136,165,72
2505,317,345,378,284,68,139,162,68
2506,317,346,388,295,72,138,165,72
2507,317,351,381,285,68,142,162,68
2508,317,353,380,286,68,140,162,68
2509,317,354,389,294,72,139,165,72
2510,317,365,381,290,70,138,163,70
2511,317,380,385,290,72,135,165,72
2512,317,383,384,289,72,134,165,72
2513,317,404,381,285,68,141,162,68
2514,317,406,377,287,70,134,163,70
2515,317,411,383,289,72,134,165,72
2516,317,416,379,287,70,137,163,70
2517,317,419,384,291,72,135,165,72
2518,317,420,383,288,68,143,162,68
2519,317,421,385,294,72,135,165,72
2520,317,424,380,288,70,137,163,70
2521,317,425,379,288,70,136,163,70
2522,317,426,387,292,72,136,165,72
2523,317,428,380,285,70,135,165,70
2524,317,435,381,285,68,142,162,68
2525,325,334,373,282,70,130,163,70
2526,325,335,380,290,72,133,165,72
2527,325,336,375,281,68,136,162,68
2528,325,337,374,278,68,134,162,68
2529,325,342,375,283,70,132,163,70
2530,325,345,380,280,68,139,164,68
2531,325,346,379,284,70,135,163,70
2532,325,351,374,278,68,135,162,68
2533,325,353,373,279,68,133,162,68
2534,325,354,379,286,70,136,163,70
2535,325,365,380,288,70,136,165,70
2536,325,380,378,287,72,131,165,72
2537,325,383,374,277,68,134,162,68
2538,325,404,376,278,68,136,162,68
2539,325,406,370,275,68,131,162,68
2540,325,411,374,281,70,130,165,70
2541,325,416,372,280,70,130,163,70
2542,325,419,371,277,68,132,162,68
2543,325,420,378,283,68,138,162,68
2544,325,421,506,321,104,161,233,104
2545,325,424,372,276,68,133,162,68
2546,325,425,379,286,70,134,165,70
2547,325,426,372,275,68,133,162,68
2548,325,428,370,275,68,131,162,68
2549,325,435,381,290,72,134,165,72
2550,334,335,385,294,72,137,165,72
2551,334,336,378,286,68,139,162,68
2552,334,337,383,290,72,135,165,72
2553,334,342,377,284,68,138,162,68
2554,334,345,382,288,70,137,165,70
2555,334,346,379,283,68,139,162,68
2556,334,351,375,281,68,136,162,68
2557,334,353,376,284,68,136,162,68
2558,334,354,380,285,68,140,162,68
2559,334,365,385,295,72,137,165,72
2560,334,380,374,279,68,135,162,68
2561,334,383,373,282,70,130,163,70
2562,334,404,383,290,72,135,165,72
2563,334,406,373,283,70,130,163,70
2564,334,411,371,279,68,132,162,68
2565,334,416,382,289,70,137,165,70
2566,334,419,382,292,72,135,165,72
2567,334,420,379,286,68,139,162,68
2568,334,421,383,295,72,135,165,72
2569,334,424,376,286,70,133,163,70
2570,334,425,382,292,72,135,165,72
2571,334,426,385,293,72,136,165,72
2572,334,428,369,279,70,127,163,70
2573,334,435,375,281,68,136,162,68
2574,335,336,386,295,72,138,165,72
2575,335,337,380,284,70,133,165,70
2576,335,342,374,278,68,134,160,68
2577,335,345,375,283,70,131,161,70
2578,335,346,382,284,70,135,165,70
2579,335,351,376,279,68,136,160,68
2580,335,353,377,284,70,133,161,70
2581,335,354,377,285,70,133,161,70
2582,335,365,376,284,70,132,161,70
2583,335,380,373,279,70,130,161,70
2584,335,383,372,276,68,131,160,68
2585,335,404,376,279,68,135,160,68
2586,335,406,380,289,72,132,165,72
2587,335,411,369,277,70,126,161,70
2588,335,416,375,279,68,135,160,68
2589,335,419,372,280,70,129,161,70
2590,335,420,380,287,70,135,161,70
2591,335,421,374,281,70,130,161,70
2592,335,424,374,277,68,134,160,68
2593,335,425,373,280,68,132,160,68
2594,335,426,373,279,70,129,161,70
2595,335,428,370,274,68,130,160,68
2596,335,435,374,277,68,134,160,68
2597,336,337,373,280,68,135,159,68
2598,336,342,374,285,70,133,160,70
2599,336,345,372,279,68,135,159,68
2600,336,346,379,286,70,137,160,70
2601,336,351,375,284,70,134,160,70
2602,336,353,377,287,70,136,160,70
2603,336,354,379,284,68,141,159,68
2604,336,365,371,281,68,134,159,68
2605,336,380,379,288,72,132,162,72
2606,336,383,371,281,70,130,160,70
2607,336,404,382,289,72,135,162,72
2608,336,406,370,277,68,133,159,68
2609,336,411,366,278,70,126,160,70
2610,336,416,371,282,70,131,160,70
2611,336,419,373,281,68,136,159,68
2612,336,420,380,288,70,136,162,70
2613,336,421,373,279,68,136,159,68
2614,336,424,373,283,70,132,160,70
2615,336,425,373,281,68,135,159,68
2616,336,426,372,282,70,131,160,70
2617,336,428,365,276,70,125,160,70
2618,336,435,374,280,68,137,159,68
2619,337,342,375,281,68,137,160,68
2620,337,345,378,286,70,136,161,70
2621,337,346,382,291,72,134,165,72
2622,337,351,375,280,68,137,160,68
2623,337,353,378,287,70,136,161,70
2624,337,354,380,288,70,138,161,70
2625,337,365,375,283,68,137,160,68
2626,337,380,374,282,70,133,161,70
2627,337,383,377,281,68,138,160,68
2628,337,404,383,289,72,135,165,72
2629,337,406,371,277,68,133,160,68
2630,337,411,368,278,70,127,161,70
2631,337,416,375,284,70,134,161,70
2632,337,419,374,281,68,136,160,68
2633,337,420,383,293,72,135,165,72
2634,337,421,374,279,68,136,160,68
2635,337,424,380,289,72,132,165,72
2636,337,425,375,283,70,133,161,70
2637,337,426,375,279,68,137,160,68
2638,337,428,369,278,70,128,161,70
2639,337,435,377,282,68,139,160,68
2640,342,345,383,294,72,137,165,72
2641,342,346,379,284,68,140,162,68
2642,342,351,377,284,68,139,162,68
2643,342,353,383,294,72,137,165,72
2644,342,354,380,286,68,141,162,68
2645,342,365,377,289,70,135,163,70
2646,342,380,379,285,70,136,165,70
2647,342,383,375,285,70,133,163,70
2648,342,404,381,290,72,135,165,72
2649,342,406,378,291,72,132,165,72
2650,342,411,368,280,70,127,163,70
2651,342,416,381,289,70,138,165,70
2652,342,419,373,285,70,132,163,70
2653,342,420,384,292,70,140,165,70
2654,342,421,376,283,68,138,162,68
2655,342,424,376,287,70,134,163,70
2656,342,425,375,285,70,133,163,70
2657,342,426,375,281,68,137,162,68
2658,342,428,371,279,68,133,162,68
2659,342,435,377,288,70,136,163,70
2660,345,346,380,286,70,137,161,70
2661,345,351,376,284,70,134,161,70
2662,345,353,376,283,68,137,160,68
2663,345,354,389,292,70,144,165,70
2664,345,365,373,281,68,135,160,68
2665,345,380,374,278,68,136,160,68
2666,345,383,375,279,68,136,160,68
2667,345,404,387,292,72,139,165,72
2668,345,406,373,282,70,131,161,70
2669,345,411,368,278,70,127,161,70
2670,345,416,373,282,70,132,161,70
2671,345,419,374,281,68,136,160,68
2672,345,420,377,283,68,138,160,68
2673,345,421,385,295,72,137,165,72
2674,345,424,373,278,68,135,160,68
2675,345,425,375,283,70,133,161,70
2676,345,426,387,293,72,138,165,72
2677,345,428,371,277,68,133,160,68
2678,345,435,388,294,72,140,165,72
2679,346,351,375,278,68,136,161,68
2680,346,353,382,291,72,135,165,72
2681,346,354,378,284,70,135,162,70
2682,346,365,373,279,68,134,161,68
2683,346,380,372,274,68,133,161,68
2684,346,383,377,285,72,130,165,72
2685,346,404,374,279,70,131,162,70
2686,346,406,371,275,68,132,161,68
2687,346,411,367,272,68,128,161,68
2688,346,416,383,289,72,136,165,72
2689,346,419,378,283,70,134,164,70
2690,346,420,382,293,72,135,165,72
2691,346,421,372,275,68,133,161,68
2692,346,424,371,274,68,132,161,68
2693,346,425,375,281,70,132,162,70
2694,346,426,371,273,68,132,161,68
2695,346,428,367,274,70,125,162,70
2696,346,435,383,291,72,136,165,72
2697,351,353,374,285,68,135,162,68
2698,351,354,378,286,68,139,162,68
2699,351,365,373,285,68,135,162,68
2700,351,380,372,280,68,134,162,68
2701,351,383,373,281,68,134,162,68
2702,351,404,374,285,70,132,163,70
2703,351,406,371,284,70,129,163,70
2704,351,411,366,280,70,125,163,70
2705,351,416,383,290,70,139,165,70
2706,351,419,372,283,68,134,162,68
2707,351,420,377,287,68,138,162,68
2708,351,421,372,281,68,134,162,68
2709,351,424,373,282,68,135,162,68
2710,351,425,372,283,68,133,162,68
2711,351,426,374,286,70,132,163,70
2712,351,428,376,287,72,128,165,72
2713,351,435,375,284,68,137,162,68
2714,353,354,389,296,72,141,165,72
2715,353,365,377,284,68,138,160,68
2716,353,380,374,277,68,135,160,68
2717,353,383,375,282,70,132,161,70
2718,353,404,379,281,68,139,160,68
2719,353,406,373,278,68,134,160,68
2720,353,411,370,279,70,128,161,70
2721,353,416,390,295,72,142,165,72
2722,353,419,376,282,68,137,160,68
2723,353,420,379,284,68,139,160,68
2724,353,421,385,296,72,137,165,72
2725,353,424,375,279,68,136,160,68
2726,353,425,377,284,70,134,161,70
2727,353,426,375,278,68,136,160,68
2728,353,428,373,278,68,134,160,68
2729,353,435,377,285,70,135,161,70
2730,354,365,382,290,70,138,163,70
2731,354,380,379,285,70,136,163,70
2732,354,383,386,288,70,139,165,70
2733,354,404,379,286,70,135,163,70
2734,354,406,381,292,72,133,165,72
2735,354,411,382,291,72,135,165,72
2736,354,416,379,283,68,139,162,68
2737,354,419,379,284,68,139,162,68
2738,354,420,384,288,68,143,162,68
2739,354,421,387,288,70,141,165,70
2740,354,424,378,281,68,138,162,68
2741,354,425,377,284,68,136,162,68
2742,354,426,378,280,68,138,162,68
2743,354,428,384,286,70,138,165,70
2744,354,435,380,287,70,137,163,70
2745,365,380,384,290,72,135,165,72
2746,365,383,381,286,70,135,165,70
2747,365,404,379,283,68,138,162,68
2748,365,406,373,280,68,133,162,68
2749,365,411,373,279,68,133,162,68
2750,365,416,380,285,68,140,162,68
2751,365,419,375,284,70,132,163,70
2752,365,420,386,295,72,137,165,72
2753,365,421,378,282,68,138,162,68
2754,365,424,378,286,70,134,163,70
2755,365,425,383,291,72,135,165,72
2756,365,426,386,292,72,136,165,72
2757,365,428,373,278,68,133,162,68
2758,365,435,379,283,68,139,162,68
2759,380,383,369,279,70,127,161,70
2760,380,404,372,281,70,130,161,70
2761,380,406,367,275,68,129,160,68
2762,380,411,372,281,70,128,163,70
2763,380,416,387,294,72,139,165,72
2764,380,419,370,279,68,132,160,68
2765,380,420,375,283,68,136,160,68
2766,380,421,377,284,70,133,163,70
2767,380,424,376,283,70,132,163,70
2768,380,425,370,279,68,131,160,68
2769,380,426,369,275,68,131,160,68
2770,380,428,367,275,68,129,160,68
2771,380,435,371,282,70,130,161,70
2772,383,404,378,283,70,133,163,70
2773,383,406,375,282,70,130,163,70
2774,383,411,371,276,68,130,162,68
2775,383,416,387,291,72,139,165,72
2776,383,419,383,291,72,136,165,72
2777,383,420,383,290,70,137,163,70
2778,383,421,379,286,70,134,163,70
2779,383,424,383,291,72,135,165,72
2780,383,425,383,288,70,136,165,70
2781,383,426,386,292,72,137,165,72
2782,383,428,373,277,68,132,162,68
2783,383,435,377,284,70,133,163,70
2784,404,406,373,280,68,134,162,68
2785,404,411,374,283,70,132,163,70
2786,404,416,386,291,70,141,165,70
2787,404,419,378,284,68,139,162,68
2788,404,420,383,288,68,143,162,68
2789,404,421,384,288,70,139,165,70
2790,404,424,388,294,72,138,165,72
2791,404,425,379,288,70,136,163,70
2792,404,426,385,288,70,140,165,70
2793,404,428,373,281,70,131,163,70
2794,404,435,381,285,68,142,162,68
2795,406,411,368,275,68,128,162,68
2796,406,416,375,281,68,135,162,68
2797,406,419,378,289,72,132,165,72
2798,406,420,378,284,68,137,162,68
2799,406,421,376,285,70,132,163,70
2800,406,424,372,277,68,132,162,68
2801,406,425,376,287,72,130,165,72
2802,406,426,374,278,68,134,162,68
2803,406,428,368,277,70,125,163,70
2804,406,435,380,289,72,133,165,72
2805,411,416,383,289,72,136,165,72
2806,411,419,379,289,72,133,165,72
2807,411,420,379,289,70,135,163,70
2808,411,421,372,278,68,133,162,68
2809,411,424,371,277,68,132,162,68
2810,411,425,377,287,72,131,165,72
2811,411,426,378,283,70,134,165,70
2812,411,428,369,276,68,130,162,68
2813,411,435,383,291,72,136,165,72
2814,416,419,373,283,68,135,162,68
2815,416,420,378,287,68,139,162,68
2816,416,421,375,283,68,137,162,68
2817,416,424,374,282,68,136,162,68
2818,416,425,377,291,72,132,165,72
2819,416,426,375,286,70,133,163,70
2820,416,428,370,279,68,132,162,68
2821,416,435,381,293,72,135,165,72
2822,419,420,386,289,68,145,162,68
2823,419,421,382,288,70,138,163,70
2824,419,424,380,282,68,140,162,68
2825,419,425,379,285,68,138,162,68
2826,419,426,380,281,68,140,162,68
2827,419,428,376,282,70,133,163,70
2828,419,435,382,284,68,142,162,68
2829,420,421,372,279,68,136,158,68
2830,420,424,372,283,70,132,159,70
2831,420,425,380,289,72,134,164,72
2832,420,426,372,282,70,132,159,70
2833,420,428,367,278,70,128,159,70
2834,420,435,373,280,68,137,158,68
2835,421,424,372,278,68,132,162,68
2836,421,425,374,285,70,130,163,70
2837,421,426,375,284,70,131,163,70
2838,421,428,375,286,72,128,165,72
2839,421,435,381,287,70,136,165,70
2840,424,425,373,282,68,133,162,68
2841,424,426,377,285,70,134,163,70
2842,424,428,372,278,68,133,162,68
2843,424,435,376,281,68,137,162,68
2844,425,426,380,289,72,134,163,72
2845,425,428,367,275,68,130,160,68
2846,425,435,371,278,68,134,160,68
2847,426,428,366,277,70,124,163,70
2848,426,435,372,283,70,130,163,70
2849,428,435,372,282,70,130,163,70
2850,23,23,321,234,56,119,138,56
2851,32,32,314,232,58,111,136,58
2852,35,35,323,237,60,110,141,60
2853,36,36,317,229,58,109,139,58
2854,37,37,324,241,60,113,141,60
2855,50,50,321,231,56,118,138,56
2856,53,53,321,232,56,118,138,56
2857,55,55,314,231,58,112,136,58
2858,57,57,315,231,58,111,137,58
2859,59,59,313,231,58,106,139,58
2860,63,63,321,238,60,111,141,60
2861,67,67,315,232,56,113,138,56
2862,69,69,326,236,58,119,139,58
2863,74,74,490,306,100,153,228,100
2864,77,77,320,239,60,111,141,60
2865,81,81,321,236,60,111,141,60
2866,82,82,314,228,56,112,138,56
2867,83,83,328,248,60,117,141,60
2868,84,84,317,231,58,109,139,58
2869,85,85,317,230,56,113,138,56
2870,93,93,323,231,56,119,138,56
2871,98,98,317,233,58,111,137,58
2872,99,99,315,231,58,111,137,58
2873,104,104,314,225,56,113,138,56
2874,106,106,329,242,60,118,141,60
2875,107,107,320,238,60,109,141,60
2876,109,109,316,230,58,111,137,58
2877,113,113,322,236,56,120,138,56
2878,114,114,320,237,58,114,139,58
2879,115,115,317,233,58,110,137,58
2880,117,117,315,230,58,110,137,58
2881,165,165,320,235,58,113,139,58
2882,166,166,314,229,58,107,137,58
2883,198,198,320,233,58,117,137,58
2884,199,199,306,224,56,106,137,56
2885,233,233,326,237,56,121,138,56
2886,234,234,321,236,58,115,139,58
2887,240,240,323,234,58,119,137,58
2888,241,241,319,231,56,115,138,56
2889,249,249,321,234,56,118,138,56
2890,251,251,322,231,56,118,137,56
2891,252,252,309,223,56,108,137,56
2892,254,254,324,239,60,113,141,60
2893,256,256,327,241,60,117,141,60
2894,261,261,319,229,56,116,138,56
2895,262,262,316,231,56,114,137,56
2896,263,263,320,230,56,116,138,56
2897,302,302,315,229,58,111,137,58
2898,306,306,331,241,60,117,141,60
2899,317,317,321,237,58,115,139,58
2900,325,325,321,237,60,111,141,60
2901,334,334,326,242,60,115,141,60
2902,335,335,317,231,58,109,137,58
2903,336,336,320,231,56,119,135,56
2904,337,337,324,236,60,113,141,60
2905,342,342,318,231,56,116,138,56
2906,345,345,318,233,58,113,137,58
2907,346,346,318,229,56,116,137,56
2908,351,351,327,243,60,116,141,60
2909,353,353,319,236,58,116,137,58
2910,354,354,320,235,58,113,139,58
2911,365,365,318,232,56,116,138,56
2912,380,380,312,225,56,111,137,56
2913,383,383,321,228,56,117,138,56
2914,404,404,322,236,58,116,139,58
2915,406,406,316,231,58,109,139,58
2916,411,411,309,226,58,104,139,58
2917,416,416,319,235,58,116,137,58
2918,419,419,319,232,58,113,139,58
2919,420,420,318,235,58,114,135,58
2920,421,421,323,242,60,113,141,60
2921,424,424,318,234,58,112,139,58
2922,425,425,312,229,58,108,135,58
2923,426,426,310,221,56,109,137,56
2924,428,428,309,224,56,108,137,56
2925,435,435,319,235,58,114,139,58
